"id"|"paymentDue"|"amount"|"name"|"address"|"consumption"|"avgConsumption"|"last"
20157|"30-08-2022"|13622.784|"Emory Collough"|"St 000 No 982 99"|8.688|16.53|"16,807 6,101 26,69"
20838|"21-07-2022"|169955.23|"Yoshi Tims"|"St 000 No 396 19"|28.904|7.3|"6,082 5,014 10,81"
20163|"30-08-2022"|31049.535|"Caryn McCoish"|"Av 217 No 000 57"|19.802|22.56|"24,845 27,833 14,992"
20652|"31-07-2022"|108803.24|"Vail Devote"|"Av 552 No 002 93"|27.756|15.94|"27,216 12,614 7,979"
20700|"21-07-2022"|122685.99|"Kinsley de Vaen"|"Av 077 No 003 44"|20.865|29.05|"28,07 29,11 29,971"
20155|"30-08-2022"|33309.023|"Rogerio Ebbers"|"St 003 No 736 07"|21.243|17.93|"22,136 7,319 24,326"
20169|"30-08-2022"|28465.473|"Ingelbert Udall"|"St 004 No 837 34"|18.154|14.26|"17,693 18,538 6,548"
20288|"20-08-2022"|13213.4795|"Joceline Rucklesse"|"St 005 No 439 08"|5.618|20.07|"18,56 25,437 16,226"
20506|"10-08-2022"|29926.662|"Louisa Ringsell"|"St 005 No 603 51"|8.725|17.52|"26,011 5,997 20,564"
20415|"10-08-2022"|82703.92|"Aubert Casbon"|"St 006 No 366 37"|24.112|26.99|"29,117 25,163 26,704"
20680|"21-07-2022"|79503.34|"Allene Ewer"|"Av 129 No 007 42"|13.521|20.78|"26,207 22,43 13,709"
20607|"31-07-2022"|57361.215|"Ellyn Postin"|"Av 545 No 007 08"|14.633|19.12|"18,493 9,598 29,26"
20602|"31-07-2022"|60763.766|"Michele Cringle"|"Av 692 No 008 53"|15.501|18.51|"18,441 10,556 26,53"
20519|"10-08-2022"|29844.344|"Tina McCerery"|"St 008 No 318 59"|8.701|20.54|"13,008 21,945 26,666"
20269|"20-08-2022"|46877.51|"Sibylla Ridger"|"Av 298 No 008 42"|19.931|13.25|"16,721 5,933 17,106"
20210|"20-08-2022"|38890.156|"Tucky Duetsche"|"St 011 No 138 94"|16.535|21.15|"7,527 26,231 29,705"
20276|"20-08-2022"|42204.11|"Allene Brand-Hardy"|"St 011 No 669 97"|17.944|15.09|"8,37 11,37 25,538"
20754|"21-07-2022"|130159.46|"Mason Blackborough"|"St 012 No 469 45"|22.136|10.17|"5,241 17,934 7,34"
20597|"31-07-2022"|41246.137|"Mildred M'Chirrie"|"St 014 No 545 09"|10.522|12.25|"9,941 20,758 6,048"
20252|"20-08-2022"|48719.12|"Binnie Schwant"|"St 015 No 891 66"|20.714|21.05|"15,65 29,227 18,276"
20105|"30-08-2022"|21545.889|"Beverlee Peers"|"Av 485 No 018 66"|13.741|12.28|"12,499 7,483 16,87"
20822|"21-07-2022"|92357.0|"Noelani Bennell"|"St 018 No 192 81"|15.707|13.56|"12,848 12,028 15,798"
20992|"16-07-2022"|112544.41|"Sylvester Heffernan"|"Av 714 No 019 36"|17.944|22.59|"25,547 28,18 14,041"
20464|"10-08-2022"|63890.42|"Vicky Ponder"|"St 019 No 808 95"|18.627|18.68|"24,973 24,962 6,09"
20592|"31-07-2022"|27530.09|"Korey Cereceres"|"Av 251 No 021 92"|7.023|19.2|"14,84 28,217 14,539"
20678|"21-07-2022"|85595.016|"Rod Waghorne"|"St 029 No 845 99"|14.557|24.33|"25,728 17,764 29,483"
20226|"20-08-2022"|39593.4|"Lil Latchmore"|"St 031 No 181 33"|16.834|17.57|"24,584 16,614 11,507"
20472|"10-08-2022"|23327.361|"Constancy Himpson"|"St 032 No 571 65"|6.801|22.39|"14,109 23,252 29,802"
20289|"20-08-2022"|45346.367|"Rasla Francino"|"St 032 No 159 30"|19.28|23.67|"29,93 20,911 20,163"
20723|"21-07-2022"|170425.62|"Ricky Coleyshaw"|"Av 052 No 033 40"|28.984|17.76|"23,534 6,737 23,023"
20083|"30-08-2022"|37341.92|"Obie Tanti"|"St 033 No 068 01"|23.815|14.79|"24,711 12,714 6,938"
20770|"21-07-2022"|105081.305|"Elsey Gronno"|"St 035 No 685 49"|17.871|12.32|"7,144 13,918 15,902"
20428|"10-08-2022"|93861.68|"Clarie Boyall"|"St 036 No 175 88"|27.365|14.92|"28,414 10,88 5,456"
20924|"16-07-2022"|33950.227|"Bartholomeus Benger"|"Av 595 No 038 24"|5.413|19.53|"28,093 17,027 13,469"
20386|"10-08-2022"|26273.723|"Alidia Lawden"|"St 038 No 135 09"|7.66|19.58|"26,345 16,368 16,034"
20076|"30-08-2022"|22704.64|"Howie Jeeks"|"St 039 No 048 30"|14.48|19.34|"22,605 9,694 25,733"
20471|"10-08-2022"|85578.25|"Cornall Elverstone"|"St 039 No 424 67"|24.95|20.58|"14,606 29,094 18,037"
20156|"30-08-2022"|44184.67|"Nannie Lernihan"|"Av 705 No 039 48"|28.179|20.52|"6,246 27,977 27,328"
20889|"16-07-2022"|69499.81|"Kessia Von Oertzen"|"Av 258 No 041 08"|11.081|19.65|"22,009 16,524 20,412"
20458|"10-08-2022"|101037.22|"Ranice Tidmarsh"|"Av 464 No 042 42"|29.457|22.41|"26,214 22,779 18,232"
20953|"16-07-2022"|62832.695|"Brion Wille"|"Av 439 No 044 54"|10.018|16.57|"12,994 23,296 13,426"
20271|"20-08-2022"|56772.336|"Talbot Pray"|"St 044 No 388 89"|24.138|18.08|"26,287 17,212 10,742"
20251|"20-08-2022"|39233.547|"Gloriane Seccombe"|"Av 788 No 045 90"|16.681|22.5|"28,794 26,211 12,497"
20397|"10-08-2022"|36433.355|"Raimundo Fadden"|"St 047 No 198 25"|10.622|23.83|"24,048 21,003 26,444"
20345|"20-08-2022"|50189.113|"Hagan De Filippi"|"St 047 No 302 84"|21.339|8.87|"6,621 13,52 6,47"
20190|"20-08-2022"|54860.168|"Kora Walhedd"|"Av 587 No 047 40"|23.325|23.24|"26,839 18,32 24,549"
20257|"20-08-2022"|63009.812|"Dwight Corteney"|"St 047 No 877 96"|26.79|11.42|"5,811 22,748 5,686"
20363|"10-08-2022"|62676.207|"Charity Gayton"|"St 048 No 678 81"|18.273|17.04|"14,439 16,194 20,5"
20500|"10-08-2022"|24123.12|"Tatiania Giacubo"|"Av 421 No 048 32"|7.033|15.68|"11,739 29,171 6,142"
20867|"16-07-2022"|107100.33|"Stephani Snoxill"|"St 049 No 492 55"|17.076|12.81|"5,431 27,516 5,482"
20712|"21-07-2022"|158154.1|"Court Vampouille"|"St 050 No 248 54"|26.897|20.28|"22,884 25,434 12,536"
20812|"21-07-2022"|122386.11|"Giselle Dashkov"|"Av 888 No 052 91"|20.814|12.12|"6,356 5,695 24,322"
20918|"16-07-2022"|45108.082|"Torrie Thebeau"|"Av 157 No 052 29"|7.192|9.7|"12,578 10,898 5,634"
20153|"30-08-2022"|15720.768|"Kamilah Kyne"|"St 054 No 675 20"|10.026|16.33|"16,843 20,705 11,429"
20133|"30-08-2022"|23523.137|"Shirlee Laherty"|"Av 020 No 056 90"|15.002|14.41|"15,863 8,174 19,188"
20863|"16-07-2022"|119349.51|"Jobye Southgate"|"Av 587 No 057 82"|19.029|21.11|"29,085 10,08 24,151"
20318|"20-08-2022"|62995.7|"Sybyl Keme"|"St 058 No 994 77"|26.784|11.03|"7,64 11,527 13,912"
20619|"31-07-2022"|95318.48|"Farly Foucar"|"Av 659 No 059 94"|24.316|24.9|"28,984 18,133 27,584"
20195|"20-08-2022"|66189.7|"Duncan Sylett"|"St 060 No 416 67"|28.142|11.27|"8,763 13,644 11,416"
20321|"20-08-2022"|13669.766|"Rodrick Ashbee"|"Av 278 No 060 38"|5.812|14.17|"8,178 8,243 26,094"
20394|"10-08-2022"|77751.016|"Karol Pritchard"|"Av 654 No 062 78"|22.668|16.16|"6,743 20,364 21,37"
20030|"30-08-2022"|9688.672|"Bernarr Titman"|"St 063 No 688 63"|6.179|17.67|"20,594 21,802 10,601"
20816|"21-07-2022"|32216.465|"Yvon Currm"|"St 064 No 330 52"|5.479|19.81|"21,396 9,426 28,6"
20914|"16-07-2022"|120146.05|"Marve Armitt"|"Av 278 No 064 39"|19.156|15.25|"8,259 18,485 19,013"
20915|"16-07-2022"|136961.23|"Pryce Grewar"|"Av 895 No 066 88"|21.837|13.8|"9,152 6,663 25,587"
20479|"10-08-2022"|35596.438|"Mei Mechi"|"St 067 No 815 48"|10.378|19.07|"9,849 22,824 24,551"
20364|"10-08-2022"|91759.09|"Caye Rice"|"Av 598 No 069 20"|26.752|17.14|"19,898 8,661 22,861"
20528|"31-07-2022"|55048.418|"Herb Feldmark"|"St 069 No 642 56"|14.043|15.92|"9,591 8,988 29,192"
20507|"10-08-2022"|76756.31|"Addie Kenlin"|"St 072 No 894 99"|22.378|25.27|"24,93 27,014 23,858"
20453|"10-08-2022"|95185.66|"Jane Keneford"|"St 072 No 853 68"|27.751|21.77|"10,034 29,802 25,48"
20749|"21-07-2022"|79056.47|"Elbert Springer"|"St 074 No 377 60"|13.445|16.7|"23,243 18,631 8,221"
20003|"30-08-2022"|35926.016|"Gleda Wornum"|"St 075 No 031 11"|22.912|16.01|"15,114 9,473 23,452"
20759|"21-07-2022"|111637.49|"Mead Freke"|"St 079 No 138 93"|18.986|13.67|"5,966 24,793 10,25"
20849|"16-07-2022"|158160.52|"Cilka Ricket"|"Av 660 No 079 47"|25.217|11.23|"7,296 11,591 14,817"
20990|"16-07-2022"|110073.25|"Amabelle Langrick"|"St 080 No 988 83"|17.55|17.78|"22,4 25,158 5,779"
20219|"20-08-2022"|70044.62|"Tann Dysert"|"St 080 No 639 18"|29.781|14.86|"15,456 15,924 13,195"
20308|"20-08-2022"|35841.977|"Kipper Madine"|"Av 181 No 081 38"|15.239|16.18|"18,556 23,582 6,39"
20302|"20-08-2022"|61259.93|"Moshe Braunston"|"Av 137 No 085 00"|26.046|18.53|"7,525 25,845 22,205"
20834|"21-07-2022"|126213.984|"Wyndham Bing"|"Av 152 No 085 70"|21.465|19.88|"21,888 12,94 24,808"
20568|"31-07-2022"|48200.195|"Chancey Heffernon"|"Av 495 No 085 54"|12.296|14.35|"23,482 7,131 12,45"
20049|"30-08-2022"|43439.87|"Donnell Wren"|"St 086 No 856 18"|27.704|19.27|"17,407 21,924 18,493"
20527|"31-07-2022"|93640.72|"Isadore Laible"|"Av 881 No 087 28"|23.888|14.71|"28,842 8,895 6,38"
20679|"21-07-2022"|124150.11|"Carroll Beall"|"St 088 No 796 94"|21.114|18.82|"16,402 15,213 24,856"
20684|"21-07-2022"|148510.9|"Lizzie Guiso"|"St 089 No 566 63"|25.257|15.91|"9,77 13,936 24,021"
20183|"20-08-2022"|50861.785|"Caryl Aireton"|"Av 486 No 095 92"|21.625|16.82|"19,593 9,661 21,192"
20893|"16-07-2022"|116426.766|"Oby Shearmer"|"St 097 No 238 26"|18.563|16.78|"12,534 10,719 27,097"
20111|"30-08-2022"|21958.271|"Cristine Tabner"|"Av 896 No 097 72"|14.004|23.75|"14,266 28,845 28,131"
20233|"20-08-2022"|26913.822|"Tyson MacCartan"|"Av 842 No 098 95"|11.443|22.75|"24,667 14,59 29,003"
20807|"21-07-2022"|173700.78|"Tonya Glowacz"|"St 098 No 764 69"|29.541|18.95|"10,472 17,842 28,524"
20898|"16-07-2022"|51198.17|"Cody Osbiston"|"St 098 No 397 27"|8.163|16.37|"13,757 22,209 13,141"
20880|"16-07-2022"|67524.13|"Blayne Yedall"|"St 099 No 420 43"|10.766|16.44|"29,329 10,633 9,344"
20061|"30-08-2022"|35604.574|"Kennedy Randleson"|"St 099 No 550 31"|22.707|16.2|"13,874 25,893 8,829"
20935|"16-07-2022"|76010.125|"Shaylah Hurst"|"St 100 No 211 52"|12.119|13.22|"16,758 5,037 17,871"
20821|"21-07-2022"|128377.82|"Reena Churly"|"St 102 No 436 00"|21.833|20.48|"26,701 11,301 23,448"
20459|"10-08-2022"|53809.684|"Elise Meffen"|"St 102 No 232 67"|15.688|19.6|"25,554 24,107 9,125"
20635|"31-07-2022"|24888.016|"Baudoin Chapelhow"|"St 104 No 961 10"|6.349|24.72|"26,24 23,631 24,281"
20706|"21-07-2022"|53355.027|"Daile Rodd"|"St 104 No 201 50"|9.074|7.31|"9,025 6,426 6,492"
20207|"20-08-2022"|69287.27|"Rhianna Revell"|"St 104 No 111 13"|29.459|12.35|"9,415 17,501 10,144"
20227|"20-08-2022"|48902.574|"Trude Crunden"|"Av 824 No 106 41"|20.792|15.28|"24,211 6,476 15,14"
20502|"10-08-2022"|82000.77|"Gael Camilli"|"Av 379 No 106 60"|23.907|22.68|"11,421 28,111 28,519"
20660|"31-07-2022"|52084.906|"Wilhelm Tacon"|"Av 075 No 106 25"|13.287|16.78|"9,244 12,363 28,743"
20844|"16-07-2022"|179811.39|"Magdalen Stickels"|"Av 945 No 107 25"|28.669|7.16|"9,287 5,524 6,674"
20443|"10-08-2022"|37976.848|"Oneida Sprasen"|"St 108 No 305 95"|11.072|15.62|"29,331 9,13 8,405"
20789|"21-07-2022"|40324.973|"Ealasaid Leabeater"|"Av 151 No 109 03"|6.858|19.46|"10,856 27,592 19,939"
20963|"16-07-2022"|55475.664|"Earvin Pleager"|"St 110 No 176 93"|8.845|16.47|"8,987 13,086 27,347"
20199|"20-08-2022"|22856.639|"Sam Dallosso"|"Av 405 No 111 14"|9.718|19.64|"23,837 29,959 5,113"
20488|"10-08-2022"|83166.97|"Tabbie Bucktrout"|"St 112 No 493 63"|24.247|22.43|"27,657 20,243 19,387"
20975|"16-07-2022"|59496.004|"Jdavie Eke"|"Av 057 No 112 27"|9.486|19.68|"14,484 24,605 19,955"
20014|"30-08-2022"|24564.287|"Leela Mathonnet"|"Av 496 No 113 77"|15.666|11.83|"17,391 6,6 11,495"
20217|"20-08-2022"|39656.902|"Bogey Dougan"|"Av 457 No 115 51"|16.861|14.42|"14,049 5,937 23,271"
20546|"31-07-2022"|52782.664|"Ofella Galia"|"Av 215 No 117 54"|13.465|18.19|"26,926 22,322 5,327"
20021|"30-08-2022"|38405.023|"Damien Cantillion"|"Av 854 No 117 04"|24.493|14.85|"16,152 22,378 6,014"
20404|"10-08-2022"|34269.03|"Adolph Gronav"|"Av 092 No 119 53"|9.991|20.33|"19,01 20,73 21,255"
20431|"10-08-2022"|59781.297|"Mavis Chevis"|"Av 123 No 119 44"|17.429|22.98|"29,191 22,98 16,768"
20004|"30-08-2022"|33639.87|"Kalil Albiston"|"St 119 No 999 92"|21.454|21.42|"9,838 25,872 28,556"
20894|"16-07-2022"|144550.33|"Ilse Calyton"|"Av 220 No 120 40"|23.047|10.56|"12,344 5,779 13,545"
20143|"30-08-2022"|14823.872|"Trumaine MacAless"|"St 122 No 567 27"|9.454|18.9|"27,726 9,65 19,326"
20556|"31-07-2022"|67408.15|"Tania Burns"|"St 122 No 501 96"|17.196|16.35|"20,538 10,52 17,979"
20074|"30-08-2022"|33276.098|"Jeni Collings"|"Av 048 No 122 89"|21.222|14.15|"11,816 23,853 6,785"
20244|"20-08-2022"|16609.754|"Delcine Crone"|"Av 017 No 125 99"|7.062|20.24|"19,552 11,9 29,279"
20841|"21-07-2022"|147499.55|"Serge Stenbridge"|"St 125 No 182 87"|25.085|20.99|"25,182 26,756 11,021"
20275|"20-08-2022"|44890.082|"Carlin McCurdy"|"St 125 No 464 93"|19.086|18.83|"20,264 19,233 16,981"
20388|"10-08-2022"|80326.94|"Gallard Graalman"|"Av 932 No 127 37"|23.419|22.54|"25,387 13,015 29,216"
20279|"20-08-2022"|23216.494|"Haily Blaxlande"|"St 130 No 004 89"|9.871|20.06|"28,716 11,711 19,762"
20411|"10-08-2022"|74924.7|"Gabe Warrener"|"St 133 No 078 79"|21.844|18.34|"12,221 18,421 24,385"
20665|"31-07-2022"|35569.99|"Dorena Semaine"|"Av 615 No 134 89"|9.074|16.28|"12,201 19,169 17,463"
20357|"10-08-2022"|89289.5|"Marris Wiffler"|"St 136 No 105 09"|26.032|22.09|"14,483 25,355 26,444"
20743|"21-07-2022"|92404.04|"Felecia Reynoollds"|"St 137 No 561 65"|15.715|24.1|"25,906 27,371 19,011"
20586|"31-07-2022"|25856.254|"Breena Winspeare"|"Av 025 No 138 80"|6.596|19.14|"7,749 24,46 25,213"
20127|"30-08-2022"|40503.008|"Marni Bennough"|"St 139 No 241 52"|25.831|25.15|"29,196 19,779 26,473"
20107|"30-08-2022"|37975.39|"Zacharias Hadden"|"Av 778 No 140 45"|24.219|14.97|"19,291 18,231 7,384"
20565|"31-07-2022"|111547.234|"Huberto Aronow"|"Av 183 No 140 57"|28.456|18.22|"20,664 24,22 9,773"
20559|"31-07-2022"|31783.28|"Johanna Tempest"|"Av 016 No 141 20"|8.108|19.83|"10,118 29,324 20,058"
20234|"20-08-2022"|57936.57|"Charity Haythornthwaite"|"Av 028 No 141 13"|24.633|19.14|"23,025 13,496 20,899"
20339|"20-08-2022"|17649.332|"Rosaleen Flewan"|"St 141 No 338 70"|7.504|17.58|"29,059 14,534 9,144"
20409|"10-08-2022"|49745.145|"Perla Batteson"|"St 141 No 420 28"|14.503|19.25|"22,784 6,497 28,47"
20993|"16-07-2022"|116527.12|"Hesther Coddrington"|"Av 598 No 142 87"|18.579|19.26|"16,075 22,361 19,352"
20230|"20-08-2022"|59747.6|"Meier Gayforth"|"St 143 No 711 90"|25.403|21.69|"29,694 18,721 16,661"
20934|"16-07-2022"|157972.36|"Kirstyn Jickles"|"St 146 No 266 80"|25.187|26.31|"27,008 23,791 28,117"
20895|"16-07-2022"|111290.016|"Jonell Blaszkiewicz"|"Av 368 No 147 43"|17.744|19.16|"22,263 20,932 14,294"
20326|"20-08-2022"|55102.42|"Kristi Gellately"|"St 147 No 471 89"|23.428|13.52|"12,279 20,404 7,889"
20533|"31-07-2022"|63378.4|"Wilone Penhearow"|"St 147 No 821 65"|16.168|21.05|"7,406 29,446 26,292"
20544|"31-07-2022"|31281.52|"Jae Broadbridge"|"St 148 No 087 81"|7.98|12.12|"5,429 21,079 9,843"
20416|"10-08-2022"|93041.91|"Mikol Bibby"|"St 149 No 933 54"|27.126|19.33|"11,912 16,59 29,479"
20424|"10-08-2022"|42432.406|"Daphne Mayers"|"Av 609 No 150 55"|12.371|12.35|"14,291 16,238 6,534"
20921|"16-07-2022"|188134.31|"Ashleigh Bilbey"|"Av 371 No 151 26"|29.996|16.71|"8,573 18,469 23,086"
20377|"10-08-2022"|77147.336|"Josias Picardo"|"Av 949 No 151 71"|22.492|12.64|"18,383 6,846 12,692"
20079|"30-08-2022"|47011.777|"Priscilla Martyntsev"|"St 155 No 420 64"|29.982|14.66|"13,249 25,03 5,692"
20776|"21-07-2022"|112002.05|"Gaby Meeus"|"Av 524 No 155 53"|19.048|9.76|"7,212 5,986 16,096"
20065|"30-08-2022"|29936.256|"Gaultiero Bumphrey"|"St 157 No 569 34"|19.092|12.36|"13,049 14,46 9,562"
20900|"16-07-2022"|95961.3|"Gerek Talks"|"St 158 No 337 07"|15.3|18.39|"12,655 14,896 27,612"
20599|"31-07-2022"|29701.764|"Binni Sworne"|"Av 022 No 158 11"|7.577|20.4|"20,375 18,369 22,466"
20224|"20-08-2022"|16172.283|"Wesley Braunroth"|"St 162 No 053 47"|6.876|19.35|"27,671 10,754 19,63"
20452|"10-08-2022"|64669.03|"Rica Boffin"|"Av 650 No 163 73"|18.854|13.63|"6,709 8,145 26,042"
20703|"21-07-2022"|63915.492|"Dixie Giovannelli"|"Av 623 No 164 72"|10.87|19.79|"25,045 14,966 19,372"
20539|"31-07-2022"|42096.773|"Grantley Ganter"|"St 165 No 485 02"|10.739|15.29|"25,521 11,152 9,21"
20709|"21-07-2022"|126349.23|"Lisha Fronks"|"St 166 No 605 48"|21.488|25.44|"27,163 25,068 24,096"
20323|"20-08-2022"|26615.12|"Corbin Cluett"|"Av 280 No 166 16"|11.316|25.93|"28,897 23,483 25,421"
20835|"21-07-2022"|31281.547|"Rosie Yanshin"|"St 170 No 653 62"|5.32|14.47|"10,43 11,36 21,614"
20333|"20-08-2022"|69941.125|"Caz Beretta"|"Av 278 No 170 74"|29.737|23.67|"26,092 19,057 25,86"
20160|"30-08-2022"|16586.305|"Gerta Dybell"|"Av 968 No 172 18"|10.578|18.35|"6,787 19,85 28,404"
20763|"21-07-2022"|169143.8|"Maighdiln Trevallion"|"Av 488 No 172 24"|28.766|21.38|"11,97 28,824 23,349"
20557|"31-07-2022"|85342.1|"Griff Rubinfajn"|"St 173 No 486 96"|21.771|11.22|"16,484 6,698 10,474"
20172|"30-08-2022"|22914.752|"Burty Slite"|"Av 950 No 176 45"|14.614|15.26|"26,077 7,989 11,72"
20033|"30-08-2022"|40063.97|"Stephi Healey"|"St 176 No 230 54"|25.551|20.79|"23,71 24,953 13,707"
20585|"31-07-2022"|42269.254|"Sterne Banaszkiewicz"|"Av 222 No 177 91"|10.783|20.13|"14,138 25,954 20,291"
20520|"10-08-2022"|100711.37|"Hanny Grayshan"|"St 181 No 001 37"|29.362|16.0|"7,113 14,119 26,759"
20669|"31-07-2022"|92915.52|"Frasquito Weitzel"|"Av 255 No 182 01"|23.703|22.06|"19,704 26,804 19,662"
20189|"20-08-2022"|40955.203|"Yoshiko Eadington"|"Av 341 No 183 74"|17.413|13.73|"9,819 23,538 7,836"
20616|"31-07-2022"|35683.668|"Berthe Clempton"|"Av 415 No 183 70"|9.103|16.2|"15,896 6,26 26,431"
20171|"30-08-2022"|39190.594|"Cary Ickovicz"|"St 183 No 548 03"|24.994|20.92|"10,163 29,205 23,381"
20957|"16-07-2022"|99887.555|"Ozzy Raison"|"St 183 No 965 18"|15.926|26.63|"29,981 21,772 28,131"
20524|"31-07-2022"|56494.895|"Arleyne Leheude"|"St 184 No 843 70"|14.412|19.92|"7,715 23,394 28,658"
20571|"31-07-2022"|85479.305|"Esther Albarez"|"Av 706 No 184 19"|21.806|10.71|"10,346 5,644 16,129"
20341|"20-08-2022"|58185.88|"Cliff Pridmore"|"St 184 No 649 93"|24.739|22.65|"23,725 28,885 15,329"
20823|"21-07-2022"|108280.016|"Cathi Abdee"|"Av 012 No 185 55"|18.415|19.21|"26,151 11,543 19,937"
20274|"20-08-2022"|19803.756|"Cesaro Hinstridge"|"St 185 No 068 74"|8.42|14.59|"10,414 11,846 21,512"
20039|"30-08-2022"|30530.527|"Yoko Hehl"|"Av 637 No 186 91"|19.471|18.58|"17,825 14,576 23,324"
20426|"10-08-2022"|87265.805|"Roger McLurg"|"Av 185 No 188 43"|25.442|13.22|"16,961 6,667 16,044"
20214|"20-08-2022"|42782.7|"Shane Ivanikhin"|"St 192 No 046 80"|18.19|13.24|"22,906 10,986 5,822"
20995|"16-07-2022"|128707.305|"Nappie Baggs"|"Av 016 No 193 40"|20.521|9.98|"14,804 8,582 6,545"
20019|"30-08-2022"|9817.248|"Reggi Huyge"|"Av 796 No 195 06"|6.261|20.22|"28,11 24,951 7,609"
20310|"20-08-2022"|15944.141|"Melisande Float"|"Av 193 No 196 70"|6.779|17.52|"19,252 22,926 10,395"
20633|"31-07-2022"|66698.63|"Keir Lacer"|"Av 725 No 198 08"|17.015|19.16|"11,266 21,894 24,31"
20211|"20-08-2022"|66401.38|"Stavros Adamiec"|"Av 623 No 198 65"|28.232|17.96|"15,277 12,767 25,85"
20970|"16-07-2022"|108204.195|"Odette Chetham"|"St 198 No 216 58"|17.252|14.66|"15,989 19,584 8,416"
20482|"10-08-2022"|67142.055|"Karil McNea"|"Av 073 No 198 82"|19.575|15.86|"10,132 10,164 27,27"
20735|"21-07-2022"|49362.516|"Borg McGrory"|"Av 804 No 203 51"|8.395|15.83|"18,498 9,906 19,075"
20402|"10-08-2022"|86500.914|"Berny Sickling"|"Av 618 No 204 53"|25.219|24.68|"27,854 21,115 25,079"
20484|"10-08-2022"|102117.664|"Giff Coggen"|"St 206 No 327 83"|29.772|10.35|"11,677 5,713 13,667"
20179|"20-08-2022"|47726.582|"Katrine Ornils"|"Av 343 No 208 22"|20.292|18.21|"7,961 22,885 23,789"
20445|"10-08-2022"|60769.133|"Gretchen Samudio"|"Av 334 No 208 04"|17.717|11.27|"7,414 10,888 15,497"
20292|"20-08-2022"|43351.88|"Mariska Leahair"|"Av 019 No 208 28"|18.432|24.77|"21,033 29,952 23,316"
20676|"31-07-2022"|98658.305|"Doreen Garey"|"Av 078 No 209 03"|25.168|24.28|"23,294 22,951 26,609"
20943|"16-07-2022"|127760.234|"Lane Geely"|"St 210 No 718 14"|20.37|9.75|"15,247 8,523 5,477"
20971|"16-07-2022"|179228.1|"Branden Trubshawe"|"St 211 No 634 68"|28.576|10.47|"7,313 15,252 8,858"
20486|"10-08-2022"|28451.768|"Woodrow Miettinen"|"St 214 No 019 17"|8.295|27.73|"28,879 26,364 27,947"
20110|"30-08-2022"|26499.2|"Claude Raylton"|"St 215 No 249 82"|16.9|13.3|"5,626 11,938 22,333"
20593|"31-07-2022"|112797.71|"Hope Fabb"|"St 215 No 253 30"|28.775|16.51|"9,52 25,991 14,022"
20644|"31-07-2022"|114820.43|"Brenda McGilvray"|"Av 219 No 216 66"|29.291|15.91|"25,643 14,226 7,855"
20594|"31-07-2022"|39274.38|"Deeann Guillford"|"Av 777 No 218 04"|10.019|17.81|"8,646 19,034 25,754"
20884|"16-07-2022"|62243.13|"Chalmers Stollhofer"|"Av 656 No 218 52"|9.924|13.14|"10,835 12,667 15,932"
20572|"31-07-2022"|98744.55|"Candie Iddy"|"St 218 No 559 87"|25.19|16.12|"7,227 17,935 23,19"
20188|"20-08-2022"|12096.284|"Janene Kenninghan"|"St 218 No 128 05"|5.143|17.48|"12,942 29,623 9,867"
20912|"16-07-2022"|42505.207|"Maris Fogden"|"Av 531 No 220 05"|6.777|19.6|"10,306 22,767 25,727"
20567|"31-07-2022"|50908.91|"Salvidor Tripet"|"St 223 No 741 88"|12.987|17.26|"9,347 14,251 28,184"
20514|"10-08-2022"|73988.31|"Daniella Shawel"|"St 225 No 259 82"|21.571|16.97|"27,005 6,172 17,724"
20882|"16-07-2022"|165097.33|"Doralia Brizland"|"Av 720 No 225 90"|26.323|15.1|"15,604 8,655 21,043"
20146|"30-08-2022"|27777.12|"Meryl Offell"|"Av 320 No 227 84"|17.715|18.49|"8,435 17,61 29,424"
20659|"31-07-2022"|53025.703|"Marylinda Grigoli"|"Av 399 No 229 62"|13.527|12.56|"17,636 13,374 6,676"
20550|"31-07-2022"|52645.465|"Barbra Berthod"|"Av 989 No 230 81"|13.43|18.95|"11,662 24,114 21,074"
20023|"30-08-2022"|12470.304|"Elmo Scoular"|"St 231 No 847 46"|7.953|22.83|"24,29 19,396 24,813"
20516|"10-08-2022"|76217.805|"Cornell Gisbye"|"Av 701 No 234 20"|22.221|22.73|"20,246 21,905 26,025"
20461|"10-08-2022"|73422.37|"Clemmy Reimer"|"Av 186 No 235 23"|21.406|20.51|"29,598 5,619 26,303"
20591|"31-07-2022"|73825.17|"Karissa Persey"|"Av 369 No 236 96"|18.833|25.25|"28,084 26,821 20,855"
20051|"30-08-2022"|30481.92|"Sallyann Huxham"|"Av 131 No 236 13"|19.44|18.94|"9,19 26,431 21,19"
20221|"20-08-2022"|16586.234|"Martguerita Tennison"|"St 237 No 556 14"|7.052|18.9|"21,354 28,755 6,579"
20944|"16-07-2022"|117668.62|"Jacinda Cliffe"|"St 238 No 553 80"|18.761|26.1|"20,336 29,077 28,899"
20140|"30-08-2022"|18569.824|"Farlay Jenkins"|"Av 176 No 239 58"|11.843|16.88|"23,579 19,146 7,929"
20016|"30-08-2022"|37798.207|"Aridatha Fransoni"|"St 239 No 219 21"|24.106|11.65|"5,109 16,835 12,998"
20966|"16-07-2022"|180752.19|"Lillian Langfield"|"St 239 No 988 32"|28.819|24.89|"20,855 28,473 25,341"
20786|"21-07-2022"|112948.73|"Auria Foster"|"Av 123 No 241 53"|19.209|22.08|"25,685 14,83 25,712"
20872|"16-07-2022"|76536.97|"Marcie Thornley"|"Av 282 No 241 10"|12.203|14.06|"8,198 17,174 16,799"
20225|"20-08-2022"|29392.818|"Casie Blagburn"|"Av 842 No 241 57"|12.497|22.34|"18,125 24,245 24,645"
20145|"30-08-2022"|25321.633|"Beale Tinto"|"St 242 No 758 55"|16.149|21.41|"27,771 16,294 20,153"
20346|"20-08-2022"|19472.125|"Angus Wrankling"|"St 242 No 558 57"|8.279|19.14|"18,187 22,732 16,507"
20868|"16-07-2022"|182426.81|"Billy Karlolczak"|"Av 372 No 243 94"|29.086|16.18|"25,45 15,095 8,004"
20570|"31-07-2022"|56859.453|"Emily Corrison"|"Av 592 No 243 35"|14.505|15.27|"16,405 15,332 14,073"
20610|"31-07-2022"|77792.2|"Arlan Paxton"|"St 243 No 949 23"|19.845|19.57|"12,29 28,29 18,121"
20125|"30-08-2022"|22863.008|"Susanne Peete"|"Av 551 No 245 12"|14.581|18.67|"18,507 29,593 7,915"
20526|"31-07-2022"|68176.47|"Hildagard McAuliffe"|"St 246 No 452 04"|17.392|19.17|"11,095 26,47 19,938"
20058|"30-08-2022"|16862.271|"Aloisia Gautrey"|"St 246 No 200 72"|10.754|23.7|"22,34 23,91 24,863"
20198|"20-08-2022"|26003.602|"Tammy Tippell"|"Av 830 No 248 89"|11.056|15.8|"21,53 15,559 10,321"
20164|"30-08-2022"|18381.664|"Rockey Ragborne"|"Av 806 No 248 22"|11.723|14.47|"18,064 13,442 11,913"
20576|"31-07-2022"|111621.72|"Ginnifer Riccardi"|"Av 274 No 249 65"|28.475|18.85|"13,003 24,915 18,637"
20444|"10-08-2022"|63526.844|"Micheil Shimwall"|"St 249 No 752 63"|18.521|19.47|"19,033 11,465 27,917"
20580|"31-07-2022"|86961.055|"Georgeta Cudby"|"St 252 No 935 91"|22.184|13.49|"19,438 11,906 9,137"
20419|"10-08-2022"|28136.207|"Ortensia Willgress"|"St 253 No 199 59"|8.203|18.56|"13,583 14,113 27,974"
20618|"31-07-2022"|56004.9|"Berte Constance"|"St 253 No 911 84"|14.287|9.38|"7,183 11,933 9,028"
20917|"16-07-2022"|81579.64|"Kellen Lean"|"Av 784 No 254 49"|13.007|15.92|"12,868 5,364 29,536"
20846|"16-07-2022"|98808.77|"Kass Kenefick"|"St 254 No 081 28"|15.754|11.37|"5,949 21,929 6,229"
20084|"30-08-2022"|35557.535|"Ardis Bradock"|"St 255 No 169 30"|22.677|21.3|"9,764 26,332 27,813"
20182|"20-08-2022"|39633.383|"Philly Renals"|"Av 676 No 256 80"|16.851|12.09|"10,715 18,806 6,755"
20739|"21-07-2022"|85048.17|"Axel Lenin"|"St 257 No 604 55"|14.464|16.6|"22,36 12,209 15,218"
20050|"30-08-2022"|8359.008|"Merrie Dufour"|"Av 069 No 258 35"|5.331|9.86|"12,353 6,043 11,179"
20063|"30-08-2022"|24724.225|"Dukey Prendergast"|"Av 193 No 259 77"|15.768|15.97|"15,793 9,075 23,05"
20045|"30-08-2022"|45721.312|"Adlai Perview"|"Av 416 No 259 92"|29.159|22.06|"25,332 14,389 26,444"
20087|"30-08-2022"|30173.023|"Abdel Kendle"|"Av 969 No 260 52"|19.243|18.22|"20,57 28,305 5,776"
20964|"16-07-2022"|89582.69|"Claudine Hasser"|"Av 604 No 260 25"|14.283|16.82|"8,405 19,852 22,203"
20983|"16-07-2022"|139752.27|"Kylie Kalf"|"St 263 No 882 02"|22.282|27.39|"24,737 27,768 29,678"
20587|"31-07-2022"|107521.41|"Jaquelin Rysom"|"Av 937 No 263 30"|27.429|22.03|"24,543 20,185 21,348"
20609|"31-07-2022"|64903.273|"Matthaeus Krysztofiak"|"Av 975 No 264 28"|16.557|20.74|"26,599 22,331 13,301"
20312|"20-08-2022"|52559.92|"Rafferty Drewett"|"Av 237 No 264 25"|22.347|20.46|"9,961 29,728 21,687"
20344|"20-08-2022"|31984.713|"Raffarty Trouncer"|"Av 030 No 264 54"|13.599|22.73|"25,252 26,823 16,114"
20832|"21-07-2022"|80638.18|"Templeton Aronowicz"|"Av 519 No 266 88"|13.714|18.7|"24,121 23,518 8,474"
21000|"16-07-2022"|152195.86|"Katee Imeson"|"Av 180 No 267 15"|24.266|28.52|"28,56 28,239 28,775"
20468|"10-08-2022"|21193.908|"Filippo Riall"|"Av 497 No 267 09"|6.179|21.41|"17,871 23,191 23,181"
20311|"20-08-2022"|27798.17|"Tadeas De Dei"|"St 268 No 271 55"|11.819|22.46|"25,381 19,924 22,088"
20719|"21-07-2022"|136404.02|"Lanita Damiata"|"Av 743 No 271 39"|23.198|23.62|"26,828 18,862 25,167"
20241|"20-08-2022"|14946.896|"Shurlocke Jansema"|"Av 293 No 272 44"|6.355|19.0|"16,497 14,054 26,438"
20746|"21-07-2022"|176299.73|"Dori Harkins"|"Av 655 No 273 07"|29.983|13.7|"16,813 12,934 11,363"
20897|"16-07-2022"|183179.45|"Nikolaos Jedrychowski"|"Av 821 No 274 36"|29.206|11.91|"6,695 5,519 23,522"
20575|"31-07-2022"|108881.64|"Olav Jennery"|"Av 631 No 276 71"|27.776|19.28|"12,269 23,697 21,881"
20781|"21-07-2022"|125725.945|"Paul MacLeod"|"Av 127 No 276 09"|21.382|18.34|"11,652 17,431 25,95"
20043|"30-08-2022"|25432.96|"Chev Minogue"|"Av 006 No 276 42"|16.22|17.16|"9,499 25,33 16,637"
20577|"31-07-2022"|108054.52|"My Pedro"|"Av 539 No 279 46"|27.565|10.97|"10,035 5,544 17,341"
20622|"31-07-2022"|110884.76|"Siffre Davidow"|"St 281 No 493 51"|28.287|19.44|"19,702 27,251 11,355"
20130|"30-08-2022"|40499.87|"Cathie Mosten"|"Av 554 No 281 72"|25.829|11.1|"13,852 8,09 11,353"
20347|"20-08-2022"|31384.955|"Maxine Aleso"|"St 283 No 500 06"|13.344|17.81|"17,935 27,766 7,732"
20131|"30-08-2022"|7935.648|"Calypso Constant"|"St 283 No 910 85"|5.061|17.44|"7,745 22,635 21,935"
20939|"16-07-2022"|187626.28|"Eadie Blenkhorn"|"St 284 No 150 30"|29.915|23.11|"27,618 11,877 29,832"
20393|"10-08-2022"|98752.84|"Maxine Collington"|"St 285 No 456 50"|28.791|17.38|"29,431 10,186 12,521"
20606|"31-07-2022"|54617.22|"Ulrikaumeko McCrone"|"Av 816 No 285 08"|13.933|23.48|"14,586 28,195 27,656"
20121|"30-08-2022"|16156.672|"Daphene Molfino"|"Av 463 No 287 39"|10.304|13.63|"15,036 14,566 11,282"
20588|"31-07-2022"|91786.56|"Rosaline Trundler"|"St 290 No 861 15"|23.415|16.62|"27,273 8,817 13,769"
20392|"10-08-2022"|57634.12|"Stefanie Pettingill"|"St 291 No 352 71"|16.803|16.97|"23,979 18,122 8,808"
20042|"30-08-2022"|35196.895|"Nanny Learmouth"|"Av 208 No 295 17"|22.447|19.72|"25,26 16,441 17,458"
20316|"20-08-2022"|66796.516|"Tiffie Caen"|"St 297 No 702 39"|28.4|15.7|"28,396 7,143 11,554"
20848|"16-07-2022"|142286.14|"Vin Kynge"|"Av 140 No 298 58"|22.686|22.59|"20,484 21,482 25,803"
20496|"10-08-2022"|34886.43|"Gardy McNabb"|"St 299 No 203 74"|10.171|8.31|"7,993 10,056 6,866"
20540|"31-07-2022"|60254.168|"Addi Duddridge"|"St 300 No 579 59"|15.371|24.71|"26,297 29,881 17,954"
20181|"20-08-2022"|13140.568|"Carmella Romao"|"St 301 No 481 21"|5.587|17.84|"20,862 20,87 11,781"
20250|"20-08-2022"|59263.094|"Wendye Coram"|"Av 574 No 303 44"|25.197|14.93|"26,895 12,745 5,152"
20758|"21-07-2022"|126049.34|"Odelle Melluish"|"Av 981 No 304 17"|21.437|15.15|"14,519 11,461 19,482"
20647|"31-07-2022"|96110.31|"Franni Domone"|"Av 234 No 304 64"|24.518|16.13|"5,422 27,24 15,719"
20752|"21-07-2022"|64233.01|"Cyndi Boshere"|"Av 061 No 304 30"|10.924|14.06|"10,349 24,883 6,962"
20369|"10-08-2022"|82271.74|"Dalt Dybald"|"Av 121 No 305 81"|23.986|18.46|"19,572 11,9 23,903"
20194|"20-08-2022"|58729.19|"Quintana Flannery"|"Av 493 No 306 84"|24.97|19.38|"21,143 18,326 18,656"
20667|"31-07-2022"|40223.016|"Gladys Godball"|"St 307 No 338 64"|10.261|26.3|"24,86 28,946 25,104"
20836|"21-07-2022"|75640.19|"Elianora Josupeit"|"Av 454 No 307 96"|12.864|20.03|"15,244 29,382 15,476"
20389|"10-08-2022"|55486.95|"Jacquette Llewelly"|"Av 957 No 310 28"|16.177|18.08|"20,966 6,066 27,205"
20340|"20-08-2022"|13389.879|"Shannah Goodricke"|"St 310 No 684 38"|5.693|25.49|"29,083 21,477 25,913"
20293|"20-08-2022"|52216.53|"Valdemar Kemery"|"Av 037 No 310 78"|22.201|12.25|"8,785 18,723 9,25"
20100|"30-08-2022"|13053.6|"Karel Beert"|"Av 509 No 311 78"|8.325|17.26|"28,089 9,518 14,166"
20439|"10-08-2022"|31785.717|"Fania Burton"|"Av 726 No 311 67"|9.267|14.65|"26,292 7,732 9,937"
20578|"31-07-2022"|76816.125|"Simeon Swedeland"|"Av 225 No 312 35"|19.596|19.87|"29,142 17,299 13,181"
20830|"21-07-2022"|97278.555|"Chrisse Ondrich"|"Av 480 No 313 07"|16.544|13.77|"16,32 6,611 18,391"
20450|"10-08-2022"|94509.945|"Glenn Biermatowicz"|"St 314 No 646 35"|27.554|11.66|"14,137 7,83 13,009"
20614|"31-07-2022"|66459.51|"Osmund Manz"|"St 315 No 224 25"|16.954|11.78|"9,462 13,649 12,238"
20732|"21-07-2022"|55048.465|"Carola Edgeson"|"St 315 No 441 33"|9.362|16.15|"9,51 14,408 24,542"
20713|"21-07-2022"|116323.84|"Cammie Shakesbye"|"St 315 No 550 93"|19.783|11.82|"11,07 18,445 5,958"
20793|"21-07-2022"|148428.6|"Tasha Torrejon"|"St 316 No 823 42"|25.243|16.32|"16,691 19,82 12,434"
20138|"30-08-2022"|27146.783|"Clementine Emmer"|"Av 179 No 316 90"|17.313|17.34|"25,167 21,034 5,811"
20840|"21-07-2022"|35920.86|"Rebekkah Belhomme"|"Av 629 No 317 25"|6.109|16.79|"22,28 18,896 9,187"
20530|"31-07-2022"|73076.45|"Sax Blagdon"|"St 317 No 697 92"|18.642|10.58|"5,604 18,565 7,581"
20885|"16-07-2022"|136722.89|"Rhonda Kubista"|"Av 874 No 318 50"|21.799|19.62|"21,342 21,831 15,695"
20850|"16-07-2022"|127986.02|"Darill Wedderburn"|"Av 764 No 318 80"|20.406|23.35|"27,639 13,873 28,533"
20788|"21-07-2022"|168397.03|"Hanna Sabater"|"Av 643 No 318 42"|28.639|22.67|"17,036 29,636 21,34"
20815|"21-07-2022"|50062.234|"Cheslie Payne"|"St 318 No 619 61"|8.514|17.77|"15,355 22,309 15,645"
20611|"31-07-2022"|82296.27|"Lynna Pallent"|"St 318 No 315 42"|20.994|17.97|"19,665 10,325 23,92"
20767|"21-07-2022"|164522.12|"Fairfax Gye"|"Av 430 No 319 17"|27.98|20.49|"27,817 11,728 21,929"
20801|"21-07-2022"|103387.87|"Eberto Becks"|"Av 536 No 319 91"|17.583|23.93|"29,529 13,137 29,111"
20154|"30-08-2022"|43094.91|"Hillel Jorin"|"Av 838 No 319 93"|27.484|21.6|"11,981 28,735 24,086"
20467|"10-08-2022"|64795.94|"Richy Van Saltsberg"|"St 320 No 557 31"|18.891|13.12|"7,699 26,086 5,581"
20027|"30-08-2022"|17909.695|"Paxon Kordova"|"St 320 No 158 84"|11.422|17.8|"23,82 16,29 13,29"
20842|"16-07-2022"|71080.35|"Faydra Soloway"|"Av 051 No 320 32"|11.333|18.0|"12,155 20,203 21,656"
20036|"30-08-2022"|40661.375|"Donnamarie Crosfield"|"Av 841 No 321 95"|25.932|18.84|"15,604 25,241 15,674"
20945|"16-07-2022"|178419.02|"Arlina Leachman"|"St 324 No 278 14"|28.447|23.44|"18,158 26,29 25,877"
20106|"30-08-2022"|10562.048|"Towney Goodlett"|"Av 137 No 324 04"|6.736|12.63|"23,734 9,077 5,067"
20173|"30-08-2022"|32725.729|"Belita Lantiff"|"Av 788 No 327 53"|20.871|13.01|"5,331 14,533 19,163"
20621|"31-07-2022"|27761.37|"Eolande Drummond"|"St 327 No 893 58"|7.082|24.99|"29,778 20,83 24,353"
20604|"31-07-2022"|74840.445|"Jaclyn Rittelmeyer"|"St 328 No 818 19"|19.092|18.4|"14,332 22,289 18,568"
20541|"31-07-2022"|56753.613|"Jannelle Spira"|"Av 417 No 330 71"|14.478|15.06|"18,463 20,93 5,79"
20338|"20-08-2022"|41096.32|"Jaclin Kleyn"|"Av 205 No 331 44"|17.473|13.6|"9,076 25,374 6,338"
20307|"20-08-2022"|49255.375|"Harris Shillitoe"|"Av 298 No 332 42"|20.942|13.21|"5,107 24,734 9,789"
20510|"10-08-2022"|48071.31|"Louisa Cowey"|"St 336 No 493 74"|14.015|17.13|"29,61 16,486 5,297"
20554|"31-07-2022"|70414.78|"Rodd Durbridge"|"Av 002 No 337 32"|17.963|19.91|"19,533 18,775 21,416"
20722|"21-07-2022"|85965.45|"Patty Coull"|"St 338 No 064 71"|14.62|18.19|"14,113 27,983 12,478"
20010|"30-08-2022"|23733.248|"Annmarie Lehenmann"|"St 339 No 507 35"|15.136|18.76|"12,903 18,199 25,176"
20348|"20-08-2022"|22590.863|"Elinor Jager"|"Av 351 No 340 12"|9.605|18.73|"26,243 24,283 5,674"
20001|"30-08-2022"|9210.432|"Janna Cowwell"|"St 342 No 186 61"|5.874|18.7|"28,479 20,792 6,834"
20314|"20-08-2022"|32356.326|"Clemmie Dolman"|"Av 057 No 342 68"|13.757|13.26|"7,093 21,57 11,13"
20497|"10-08-2022"|95820.2|"Felice Brotherheed"|"St 343 No 443 16"|27.936|12.76|"11,496 16,223 10,575"
20204|"20-08-2022"|62101.945|"Alleyn Clemenzo"|"Av 742 No 343 04"|26.404|18.0|"17,559 17,885 18,553"
20187|"20-08-2022"|68365.3|"Romona Saint"|"Av 384 No 346 80"|29.067|10.14|"7,711 16,748 5,97"
20212|"20-08-2022"|42378.156|"Flossie Rhodes"|"Av 026 No 346 81"|18.018|14.46|"10,78 19,946 12,643"
20092|"30-08-2022"|44578.24|"Jeni Fanton"|"Av 104 No 348 45"|28.43|15.09|"26,522 6,95 11,784"
20325|"20-08-2022"|38796.074|"Rabbi Veivers"|"St 350 No 652 99"|16.495|18.77|"8,194 26,162 21,945"
20632|"31-07-2022"|86016.34|"Orran Wilfling"|"Av 735 No 351 66"|21.943|15.95|"5,199 18,067 24,592"
20238|"20-08-2022"|18663.041|"Ellis Lafflin"|"Av 677 No 354 82"|7.935|15.34|"19,499 16,04 10,473"
20825|"21-07-2022"|120733.836|"Siffre Guterson"|"St 358 No 385 05"|20.533|14.89|"8,836 28,028 7,798"
20595|"31-07-2022"|104542.21|"Eadith Lanfare"|"St 363 No 216 82"|26.669|16.55|"12,471 16,424 20,76"
20501|"10-08-2022"|17901.117|"Way Studdeard"|"St 364 No 099 67"|5.219|12.16|"20,827 7,858 7,806"
20228|"20-08-2022"|33586.418|"Lynnet Wallett"|"St 365 No 177 03"|14.28|13.82|"6,724 14,391 20,336"
20930|"16-07-2022"|47046.12|"Stanislaus Fendlen"|"St 365 No 907 87"|7.501|22.27|"25,968 26,856 13,984"
20808|"21-07-2022"|47151.64|"Sigismund Minmagh"|"St 367 No 682 11"|8.019|12.31|"16,954 13,457 6,506"
20086|"30-08-2022"|16660.0|"Dasie Laraway"|"Av 321 No 368 10"|10.625|16.02|"25,432 17,122 5,518"
20399|"10-08-2022"|68442.02|"Lanna McCloughlin"|"Av 467 No 369 85"|19.954|19.94|"7,376 27,678 24,763"
20317|"20-08-2022"|13131.16|"Tomaso Tweddle"|"St 370 No 633 84"|5.583|11.56|"13,408 13,789 7,483"
20906|"16-07-2022"|50928.477|"Carlyn Devinn"|"St 373 No 167 16"|8.12|24.77|"23,645 21,807 28,868"
20755|"21-07-2022"|139449.84|"Tomaso Owain"|"Av 929 No 373 43"|23.716|19.73|"27,619 8,201 23,38"
20205|"20-08-2022"|41444.414|"Hilary Kenson"|"Av 599 No 374 56"|17.621|14.81|"17,478 10,894 16,048"
20751|"21-07-2022"|54642.746|"Jemima Oakenfull"|"St 374 No 514 74"|9.293|15.24|"14,586 25,842 5,291"
20907|"16-07-2022"|105921.195|"Rosaline Flack"|"Av 392 No 374 86"|16.888|17.8|"18,287 15,095 20,017"
20845|"16-07-2022"|88058.6|"Jarid Parlour"|"St 374 No 360 66"|14.04|19.17|"16,491 22,362 18,667"
20396|"10-08-2022"|34413.09|"Deena Bowdery"|"St 374 No 195 16"|10.033|20.22|"29,052 14,38 17,22"
20662|"31-07-2022"|81061.48|"Naoma Wardingly"|"St 378 No 968 75"|20.679|16.28|"7,016 17,488 24,347"
20151|"30-08-2022"|40186.273|"Giffer Beagles"|"Av 502 No 379 41"|25.629|13.78|"16,224 5,763 19,357"
20549|"31-07-2022"|52520.027|"Gunilla Delyth"|"Av 897 No 380 43"|13.398|15.49|"22,591 16,009 7,871"
20730|"21-07-2022"|141331.44|"Pattin De Ruggero"|"Av 873 No 381 62"|24.036|13.08|"13,949 15,756 9,543"
20115|"30-08-2022"|9705.92|"Tammy Skellorne"|"Av 932 No 381 87"|6.19|16.49|"15,172 24,069 10,227"
20708|"21-07-2022"|149933.86|"Sarita Halversen"|"St 386 No 301 27"|25.499|19.01|"22,266 25,098 9,67"
20220|"20-08-2022"|14114.292|"Bondon Weeden"|"St 387 No 594 42"|6.001|15.84|"10,609 21,82 15,084"
20979|"16-07-2022"|132100.44|"Sascha Keyte"|"Av 316 No 388 56"|21.062|22.59|"28,27 27,565 11,92"
20285|"20-08-2022"|21254.934|"Ossie Dowtry"|"Av 692 No 390 42"|9.037|24.53|"16,446 29,358 27,781"
20465|"10-08-2022"|19403.453|"Giorgia Aizlewood"|"St 396 No 810 62"|5.657|12.67|"10,003 8,984 19,009"
20077|"30-08-2022"|22057.057|"Joela Taree"|"St 396 No 448 58"|14.067|17.71|"5,935 20,576 26,626"
20385|"10-08-2022"|69608.22|"Angelique Balls"|"Av 446 No 396 62"|20.294|13.31|"5,577 7,525 26,836"
20417|"10-08-2022"|98324.09|"Danette Chill"|"Av 461 No 397 05"|28.666|17.69|"6,271 25,131 21,674"
20522|"31-07-2022"|77172.84|"Boone Semper"|"Av 809 No 397 34"|19.687|17.9|"24,853 9,81 19,03"
20446|"10-08-2022"|87392.72|"Harman Balaizot"|"Av 824 No 397 66"|25.479|14.87|"15,332 12,861 16,405"
20856|"16-07-2022"|73783.57|"Der Rickeard"|"St 399 No 358 20"|11.764|20.01|"19,404 19,351 21,26"
20535|"31-07-2022"|94448.24|"Tab Stebbings"|"Av 581 No 400 39"|24.094|15.46|"13,632 14,717 18,038"
20256|"20-08-2022"|31733.049|"Erinna Devaney"|"Av 372 No 400 05"|13.492|16.95|"7,836 15,766 27,254"
20070|"30-08-2022"|31325.504|"Linnet Gittis"|"Av 302 No 401 80"|19.978|15.44|"19,738 6,918 19,666"
20778|"21-07-2022"|137468.28|"Shepherd Skough"|"St 401 No 454 94"|23.379|16.53|"6,855 22,431 20,297"
20693|"21-07-2022"|37285.016|"Hasheem Beasley"|"St 402 No 057 65"|6.341|14.57|"9,101 8,581 26,014"
20745|"21-07-2022"|48374.676|"Filippa Dudlestone"|"St 403 No 344 26"|8.227|16.06|"22 20,052 6,139"
20447|"10-08-2022"|77294.83|"Felicity Emerine"|"Av 786 No 404 36"|22.535|18.94|"24,28 12,663 19,874"
20977|"16-07-2022"|62305.848|"Giuseppe Burkart"|"Av 622 No 404 18"|9.934|17.66|"18,014 23,288 11,665"
20149|"30-08-2022"|15850.912|"Joel Ahmad"|"St 405 No 905 04"|10.109|24.03|"28,057 21,525 22,499"
20144|"30-08-2022"|46902.016|"Agnesse Blazhevich"|"Av 076 No 407 61"|29.912|23.31|"26,778 23,096 20,052"
20139|"30-08-2022"|9741.984|"Cati Nayer"|"St 408 No 980 11"|6.213|15.28|"14,946 24,385 6,499"
20120|"30-08-2022"|15479.296|"Lorelei Sanger"|"St 409 No 621 91"|9.872|12.18|"10,716 14,718 11,1"
20538|"31-07-2022"|57862.973|"Teressa Danilishin"|"Av 954 No 409 33"|14.761|16.69|"10,395 23,401 16,272"
20418|"10-08-2022"|80100.555|"Rahal Petrusch"|"St 414 No 371 50"|23.353|14.15|"10,275 25,292 6,869"
20124|"30-08-2022"|41067.49|"Teddy Stanyforth"|"St 417 No 074 99"|26.191|20.11|"21,188 28,107 11,032"
20707|"21-07-2022"|161005.89|"Pernell Kuschke"|"Av 794 No 417 89"|27.382|18.58|"12,117 15,891 27,74"
20170|"30-08-2022"|9436.224|"Ainsley Filippo"|"St 419 No 796 11"|6.018|9.53|"12,833 7,882 7,874"
20355|"20-08-2022"|49697.547|"Lev Frenzl"|"St 419 No 804 79"|21.13|20.66|"16,534 15,816 29,637"
20773|"21-07-2022"|160417.89|"Ambrose Heugh"|"St 419 No 859 65"|27.282|16.63|"12,746 21,218 15,94"
20260|"20-08-2022"|48942.56|"Baxie Kneeland"|"St 421 No 580 57"|20.809|15.58|"14,132 15,904 16,702"
20664|"31-07-2022"|95051.914|"Rudolfo Bonin"|"St 422 No 676 49"|24.248|16.51|"23,127 15,496 10,913"
20136|"30-08-2022"|45454.754|"Ernaline Dillicate"|"Av 636 No 426 55"|28.989|22.24|"23,846 26,15 16,734"
20387|"10-08-2022"|29233.805|"Antoinette Kapelhoff"|"St 427 No 773 95"|8.523|11.62|"10,618 5,249 18,982"
20261|"20-08-2022"|13361.655|"Kaylee Magwood"|"St 427 No 936 94"|5.681|22.87|"29,162 14,366 25,084"
20728|"21-07-2022"|150874.66|"Lanie Walsh"|"Av 297 No 428 56"|25.659|16.45|"19,983 15,618 13,754"
20978|"16-07-2022"|176606.4|"Dawna Raiman"|"Av 188 No 428 78"|28.158|16.92|"11,975 24,41 14,366"
20229|"20-08-2022"|69844.695|"Katuscha Djorvic"|"St 428 No 154 17"|29.696|24.75|"27,706 26,411 20,135"
20029|"30-08-2022"|42444.19|"Cathlene Kluge"|"St 429 No 572 80"|27.069|18.68|"25,483 24,444 6,102"
20654|"31-07-2022"|68329.34|"Brandyn Skirrow"|"Av 640 No 429 72"|17.431|23.07|"24,908 27,509 16,794"
20082|"30-08-2022"|36184.734|"Bambi Fallis"|"St 429 No 753 74"|23.077|17.29|"14,711 19,567 17,581"
20696|"21-07-2022"|51502.832|"Gaston Deme"|"Av 952 No 429 73"|8.759|23.35|"23,194 28,718 18,143"
20876|"16-07-2022"|134571.61|"Rochella Bonaire"|"Av 491 No 430 93"|21.456|22.72|"13,435 26,083 28,63"
20414|"10-08-2022"|19170.215|"Clerc Treleven"|"Av 480 No 430 78"|5.589|15.22|"6,807 21,296 17,557"
20200|"20-08-2022"|24839.367|"Lorie Firbank"|"St 430 No 436 26"|10.561|14.83|"11,204 14,597 18,701"
20799|"21-07-2022"|133299.38|"Halie Lovart"|"Av 850 No 434 89"|22.67|14.89|"9,173 22,887 12,614"
20327|"20-08-2022"|19773.18|"Waverley Drover"|"Av 988 No 437 40"|8.407|23.79|"26,093 18,557 26,731"
20255|"20-08-2022"|61048.254|"Marillin Kinsett"|"St 439 No 613 74"|25.956|20.77|"21,382 14,629 26,309"
20780|"21-07-2022"|153861.7|"Maryjane Alelsandrovich"|"Av 456 No 440 55"|26.167|14.62|"13,322 18,626 11,899"
20612|"31-07-2022"|47541.64|"Jewell Lassell"|"St 443 No 269 78"|12.128|14.93|"9,787 28,116 6,9"
20390|"10-08-2022"|99754.4|"Bennett Heindrich"|"Av 270 No 443 04"|29.083|18.85|"22,511 14,168 19,885"
20916|"16-07-2022"|80758.016|"Vern Connichie"|"St 443 No 776 07"|12.876|24.31|"22,055 26,447 24,437"
20038|"30-08-2022"|24376.129|"Laughton Gorgen"|"Av 216 No 444 30"|15.546|14.16|"17,114 7,195 18,169"
20574|"31-07-2022"|60054.246|"Gary Babidge"|"Av 826 No 446 04"|15.32|13.61|"7,24 25,414 8,187"
20455|"10-08-2022"|76361.87|"Costa Phillimore"|"Av 467 No 446 52"|22.263|15.43|"15,824 19,927 10,547"
20827|"21-07-2022"|159971.02|"Guillermo Brunker"|"St 447 No 005 22"|27.206|12.3|"20,056 10,608 6,239"
20955|"16-07-2022"|103594.3|"Ninetta Chattock"|"St 447 No 898 79"|16.517|10.12|"12,351 5,912 12,1"
20265|"20-08-2022"|12987.688|"Olivero Whistlecraft"|"St 448 No 360 07"|5.522|16.38|"6,627 13,183 29,321"
20473|"10-08-2022"|73617.875|"Odetta Wisham"|"Av 207 No 448 84"|21.463|15.96|"9,007 26,812 12,072"
20771|"21-07-2022"|161582.12|"Ashley Alflat"|"St 449 No 104 01"|27.48|20.29|"16,571 18,436 25,86"
20412|"10-08-2022"|84919.695|"Olenolin Clac"|"Av 489 No 450 33"|24.758|13.64|"6,652 28,502 5,76"
20871|"16-07-2022"|50357.727|"Sondra Paik"|"Av 270 No 451 69"|8.029|20.48|"28,837 19,099 13,5"
20067|"30-08-2022"|34027.168|"Heddi Skewes"|"Av 804 No 451 37"|21.701|12.15|"14,035 11,826 10,589"
20805|"21-07-2022"|115982.805|"Delaney Chittenden"|"Av 220 No 452 00"|19.725|26.79|"29,887 29,683 20,802"
20031|"30-08-2022"|8426.432|"Binny Vivian"|"St 453 No 914 95"|5.374|19.82|"24,727 21,887 12,835"
20877|"16-07-2022"|108210.47|"Neddie Enders"|"St 453 No 937 40"|17.253|21.26|"25,612 29,03 9,147"
20026|"30-08-2022"|42359.52|"Lane Follan"|"St 454 No 373 95"|27.015|17.04|"25,253 19,206 6,668"
20089|"30-08-2022"|38607.297|"Eric Roddell"|"Av 132 No 455 51"|24.622|16.0|"12,339 15,739 19,931"
20675|"31-07-2022"|65836.234|"Verna Giannotti"|"Av 822 No 455 64"|16.795|18.39|"19,181 28,061 7,913"
20717|"21-07-2022"|120904.35|"Petronella Probat"|"Av 714 No 456 08"|20.562|17.86|"18,251 8,658 26,67"
20925|"16-07-2022"|83963.0|"Bevvy Sumpton"|"St 456 No 289 81"|13.387|18.63|"27,938 11,624 16,337"
20748|"21-07-2022"|83942.734|"Gamaliel Verring"|"St 457 No 457 50"|14.276|10.63|"7,989 10,699 13,21"
20671|"31-07-2022"|37921.984|"Brodie Laye"|"St 458 No 918 06"|9.674|24.17|"19,668 23,281 29,571"
20899|"16-07-2022"|36038.797|"Ximenez Moulder"|"St 459 No 345 82"|5.746|15.4|"23,006 11,166 12,038"
20352|"20-08-2022"|24806.44|"Dorotea McAw"|"Av 988 No 460 93"|10.547|18.9|"19,513 14,799 22,379"
20710|"21-07-2022"|42230.09|"Gillan Avo"|"St 460 No 185 61"|7.182|21.06|"20,869 22,799 19,514"
20380|"10-08-2022"|36320.164|"Bron Coal"|"St 461 No 683 32"|10.589|20.43|"29,075 22,025 10,188"
20373|"10-08-2022"|89941.195|"Ali Cooch"|"St 462 No 828 53"|26.222|17.44|"25,317 21,666 5,327"
20590|"31-07-2022"|37216.387|"Kelci Spensly"|"Av 834 No 463 57"|9.494|18.64|"13,067 18,197 24,67"
20627|"31-07-2022"|111453.16|"Marrissa Slocombe"|"St 464 No 066 42"|28.432|19.61|"11,324 26,611 20,908"
20243|"20-08-2022"|60810.703|"Yvonne Cambden"|"St 466 No 935 36"|25.855|17.18|"19,535 5,681 26,309"
20744|"21-07-2022"|78974.15|"Tatiania Bougen"|"St 467 No 008 00"|13.431|15.74|"19,341 14,731 13,153"
20395|"10-08-2022"|91591.02|"Waylen Giannazzi"|"Av 507 No 467 90"|26.703|18.53|"10,548 17,42 27,615"
20919|"16-07-2022"|79898.75|"Ginny Flay"|"Av 536 No 469 39"|12.739|24.98|"28,459 18,416 28,06"
20405|"10-08-2022"|82847.98|"Margie Strangward"|"Av 607 No 469 73"|24.154|23.5|"26,591 29,747 14,153"
20809|"21-07-2022"|60393.38|"Marinna Mathieson"|"St 470 No 839 77"|10.271|23.5|"18,57 28,753 23,172"
20422|"10-08-2022"|64631.3|"Leonora Tuohy"|"St 470 No 771 80"|18.843|22.44|"18,054 23,905 25,351"
20432|"10-08-2022"|56550.246|"Mirna Putman"|"St 471 No 156 89"|16.487|19.49|"16,625 21,497 20,347"
20737|"21-07-2022"|163945.88|"Ramon Zamorrano"|"St 472 No 722 56"|27.882|17.34|"24,675 9,931 17,415"
20954|"16-07-2022"|186403.25|"Dirk Branchflower"|"St 473 No 349 98"|29.72|18.8|"27,409 11,84 17,139"
20579|"31-07-2022"|88501.62|"Lettie Cuttles"|"Av 146 No 474 45"|22.577|12.7|"16,413 15,694 6,002"
20487|"10-08-2022"|74111.8|"Tadd Tomasi"|"St 475 No 292 15"|21.607|13.53|"10,221 7,846 22,511"
20617|"31-07-2022"|22716.342|"Arlen Peplay"|"Av 571 No 475 93"|5.795|10.14|"16,488 6,793 7,139"
20474|"10-08-2022"|91254.88|"Jean Clegg"|"St 476 No 424 44"|26.605|15.83|"20,1 18,927 8,459"
20478|"10-08-2022"|40967.8|"Wakefield Alcalde"|"St 477 No 403 56"|11.944|22.03|"23,431 21,276 21,392"
20313|"20-08-2022"|32546.838|"Maryann Pugh"|"St 479 No 808 47"|13.838|7.81|"6,481 11,257 5,681"
20764|"21-07-2022"|169590.67|"Silvan Alywen"|"St 480 No 327 49"|28.842|12.22|"13,398 18,262 5,001"
20795|"21-07-2022"|137921.05|"Claudia Paxeford"|"Av 157 No 481 47"|23.456|15.73|"24,836 16,078 6,269"
20949|"16-07-2022"|96017.74|"Willis McGloughlin"|"St 481 No 223 12"|15.309|14.74|"17,386 20,125 6,706"
20335|"20-08-2022"|56713.535|"Rebecka Emmott"|"Av 850 No 484 63"|24.113|19.18|"21,104 14,23 22,194"
20008|"30-08-2022"|20724.256|"Bailie Glentz"|"St 485 No 921 23"|13.217|22.15|"26,148 28,981 11,325"
20072|"30-08-2022"|19159.393|"Yankee Koppel"|"Av 204 No 486 61"|12.219|19.61|"25,438 6,526 26,876"
20192|"20-08-2022"|32476.277|"Margarete Cansdale"|"St 487 No 481 78"|13.808|22.57|"22,628 24,557 20,535"
20518|"10-08-2022"|79599.78|"Vonnie Elwood"|"St 487 No 681 75"|23.207|22.36|"26,35 18,566 22,164"
20349|"20-08-2022"|22012.273|"Melosa Baistow"|"St 488 No 901 27"|9.359|20.53|"18,566 27,826 15,191"
20320|"20-08-2022"|63920.03|"Aggi Castledine"|"Av 527 No 490 78"|27.177|20.43|"26,646 29,164 5,487"
20235|"20-08-2022"|20662.232|"Robbyn Girodier"|"St 490 No 440 23"|8.785|18.19|"26,999 18,137 9,424"
20158|"30-08-2022"|20973.568|"Dannie Trenaman"|"St 491 No 296 51"|13.376|21.55|"23,233 11,726 29,682"
20114|"30-08-2022"|33998.945|"Estel Juszczyk"|"St 491 No 657 44"|21.683|12.44|"11,517 14,978 10,827"
20430|"10-08-2022"|46531.246|"Johanna Ambrogioni"|"Av 114 No 492 14"|13.566|24.77|"25,706 27,161 21,432"
20600|"31-07-2022"|114687.15|"Cynthy Spyby"|"St 493 No 343 17"|29.257|11.53|"8,059 10,703 15,835"
20462|"10-08-2022"|43444.254|"Doyle Aldrich"|"Av 608 No 494 46"|12.666|21.56|"20,082 17,892 26,717"
20727|"21-07-2022"|165639.31|"Darlleen Pandey"|"St 496 No 304 71"|28.17|19.78|"13,331 20,587 25,417"
20831|"21-07-2022"|163716.56|"Gabbie Golborne"|"Av 755 No 497 95"|27.843|14.52|"18,456 17,39 7,724"
20785|"21-07-2022"|126531.51|"Giffy Southers"|"St 500 No 473 76"|21.519|20.43|"29,948 13,065 18,284"
20564|"31-07-2022"|85890.9|"Josee Stedman"|"St 501 No 256 81"|21.911|20.04|"20,68 27,456 11,993"
20642|"31-07-2022"|77960.76|"Chad Dey"|"Av 400 No 501 24"|19.888|17.05|"17,346 10,984 22,822"
20141|"30-08-2022"|45606.848|"Grazia Buterton"|"Av 966 No 503 79"|29.086|23.31|"20,97 19,541 29,417"
20035|"30-08-2022"|38160.414|"Daffy Shankland"|"St 505 No 401 60"|24.337|18.7|"14,577 29,222 12,3"
20090|"30-08-2022"|42942.816|"Lida Terney"|"Av 740 No 505 60"|27.387|12.92|"6,57 9,443 22,741"
20782|"21-07-2022"|65062.09|"Dannye Gristock"|"Av 994 No 506 42"|11.065|21.69|"11,204 29,351 24,508"
20561|"31-07-2022"|91778.73|"Jacenta Beelby"|"Av 686 No 506 77"|23.413|16.22|"14,975 6,688 26,993"
20032|"30-08-2022"|22910.049|"Reginauld Selley"|"Av 626 No 507 99"|14.611|21.91|"29,732 29,1 6,892"
20683|"21-07-2022"|109567.734|"Kandace Stuke"|"St 507 No 774 37"|18.634|15.43|"14,187 16,402 15,688"
20398|"10-08-2022"|85615.98|"Babita Labrone"|"St 508 No 745 15"|24.961|16.67|"16,648 12,102 21,26"
20796|"21-07-2022"|72929.516|"Mahmud Leverington"|"Av 678 No 510 89"|12.403|17.03|"16,683 26,361 8,043"
20266|"20-08-2022"|27367.756|"Baudoin Radmore"|"Av 566 No 510 64"|11.636|22.04|"17,167 26,567 22,376"
20923|"16-07-2022"|38096.008|"Thorny Jeanon"|"St 511 No 627 28"|6.074|18.33|"27,359 11,815 15,811"
20174|"20-08-2022"|25227.445|"Packston Deme"|"Av 653 No 512 97"|10.726|20.0|"19,27 27,673 13,043"
20359|"10-08-2022"|79459.15|"Shane Manterfield"|"St 513 No 015 15"|23.166|21.75|"29,919 13,446 21,896"
20148|"30-08-2022"|41550.434|"Jacinthe Lamy"|"Av 158 No 513 44"|26.499|17.32|"7,662 19,492 24,815"
20020|"30-08-2022"|24543.904|"Derril Hunnicutt"|"St 514 No 963 08"|15.653|20.47|"5,336 27,272 28,807"
20246|"20-08-2022"|67440.96|"Bentley Smithson"|"Av 128 No 514 34"|28.674|15.2|"22,424 7,18 15,988"
20775|"21-07-2022"|148669.67|"Bernardo Moukes"|"Av 377 No 516 00"|25.284|17.29|"5,168 21,445 25,244"
20245|"20-08-2022"|37772.96|"Sibel Bodman"|"St 517 No 314 94"|16.06|16.18|"11,115 23,182 14,235"
20651|"31-07-2022"|96380.8|"Bernarr Dresse"|"Av 963 No 519 79"|24.587|17.65|"25,677 22,068 5,206"
20512|"10-08-2022"|47913.53|"Thomas Attewill"|"Av 446 No 520 45"|13.969|17.46|"17,611 26,559 8,203"
20166|"30-08-2022"|42350.113|"Valdemar Cornelissen"|"Av 850 No 521 65"|27.009|14.01|"7,987 23,765 10,279"
20098|"30-08-2022"|42226.24|"Bartlett McKern"|"Av 373 No 522 58"|26.93|21.38|"28,903 29,828 5,419"
20847|"16-07-2022"|54133.46|"Jaclyn Steane"|"Av 078 No 523 03"|8.631|18.75|"5,834 25,658 24,745"
20429|"10-08-2022"|47961.55|"Lanae Jakuszewski"|"St 523 No 917 06"|13.983|19.01|"23,731 16,251 17,055"
20280|"20-08-2022"|32579.766|"Amalita Reaper"|"St 525 No 220 57"|13.852|22.09|"18,338 22,297 25,634"
20984|"16-07-2022"|93320.79|"Yelena Detheridge"|"Av 353 No 525 48"|14.879|6.45|"5,066 5,966 8,316"
20102|"30-08-2022"|29726.145|"Garland Gillbanks"|"Av 857 No 526 59"|18.958|14.73|"22,415 13,97 7,813"
20147|"30-08-2022"|9503.648|"Aubrie Thomassen"|"Av 276 No 528 70"|6.061|17.47|"14,176 20,063 18,162"
20006|"30-08-2022"|40372.863|"Fleming Braams"|"St 530 No 121 36"|25.748|11.27|"16,521 5,784 11,497"
20646|"31-07-2022"|83127.305|"Ladonna Bedrosian"|"Av 187 No 531 08"|21.206|14.42|"16,131 7,192 19,934"
20222|"20-08-2022"|27452.428|"Shanon Haworth"|"Av 395 No 531 17"|11.672|26.9|"28,404 25,853 26,433"
20881|"16-07-2022"|153406.36|"Lyndsay Garrat"|"St 533 No 067 82"|24.459|14.88|"16,412 11,263 16,95"
20813|"21-07-2022"|107074.62|"Ruthe MacGaughey"|"Av 582 No 533 79"|18.21|16.83|"28,177 8,045 14,281"
20440|"10-08-2022"|36416.203|"Winifred McCoughan"|"Av 803 No 534 10"|10.617|18.48|"25,718 22,559 7,172"
20750|"21-07-2022"|56412.625|"Nicol Byas"|"St 534 No 213 32"|9.594|22.06|"24,043 20,405 21,723"
20239|"20-08-2022"|23578.7|"Caye Stancer"|"Av 316 No 535 12"|10.025|22.23|"19,124 29,391 18,177"
20904|"16-07-2022"|146325.3|"Sterne Argyle"|"St 536 No 643 81"|23.33|19.47|"28,619 24,519 5,279"
20715|"21-07-2022"|68490.125|"Des Gustus"|"St 536 No 121 26"|11.648|11.73|"13,652 11,4 10,135"
20965|"16-07-2022"|107520.555|"Krystyna Vickors"|"St 538 No 134 16"|17.143|15.71|"24,48 5,075 17,563"
20476|"10-08-2022"|52509.72|"Danni McGurn"|"Av 480 No 539 72"|15.309|15.13|"22,693 12,24 10,46"
20702|"21-07-2022"|73464.59|"Catharina de Guise"|"Av 769 No 540 41"|12.494|15.88|"6,973 15,313 25,356"
20547|"31-07-2022"|106972.61|"Leela Piggott"|"Av 075 No 541 91"|27.289|11.75|"5,243 12,667 17,343"
20901|"16-07-2022"|182959.92|"Ad Swadden"|"Av 596 No 541 23"|29.171|18.65|"24,256 17,043 14,663"
20382|"10-08-2022"|86641.55|"Michel Yeowell"|"Av 844 No 541 73"|25.26|20.43|"13,765 18,667 28,863"
20740|"21-07-2022"|71953.44|"Ernesta Muccino"|"St 542 No 820 61"|12.237|16.01|"19,198 18,911 9,926"
20601|"31-07-2022"|114212.83|"Ciel Jacqueminet"|"Av 340 No 542 02"|29.136|13.38|"9,104 23,492 7,53"
20695|"21-07-2022"|40577.812|"Roseanna Seiter"|"St 545 No 023 46"|6.901|28.45|"28,387 27,333 29,624"
20532|"31-07-2022"|82425.63|"Mead Attwool"|"St 546 No 898 44"|21.027|18.5|"21,62 21,978 11,901"
20421|"10-08-2022"|62254.32|"Venita Jillis"|"St 548 No 031 19"|18.15|19.17|"14,742 24,669 18,104"
20342|"20-08-2022"|28997.686|"Marji Peirson"|"Av 617 No 550 55"|12.329|18.56|"14,395 25,963 15,332"
20534|"31-07-2022"|108289.73|"Catharine Shakeshaft"|"St 551 No 418 24"|27.625|20.98|"21,27 12,454 29,206"
20694|"21-07-2022"|63009.973|"Andreana Le Surf"|"Av 881 No 552 17"|10.716|19.59|"20,404 28,631 9,739"
20498|"10-08-2022"|37335.44|"Mickie Swatman"|"St 554 No 127 16"|10.885|18.44|"24,112 18,509 12,705"
20803|"21-07-2022"|50315.074|"Fairleigh Andreotti"|"Av 860 No 555 78"|8.557|21.61|"28,577 23,206 13,033"
20826|"21-07-2022"|160952.97|"Sheeree Abate"|"Av 175 No 557 46"|27.373|16.87|"27,266 5,237 18,097"
20994|"16-07-2022"|123595.64|"Bryn Rotchell"|"St 558 No 346 81"|19.706|13.29|"15,829 18,942 5,084"
20800|"21-07-2022"|135192.73|"Annissa Phelipeaux"|"St 558 No 118 04"|22.992|13.68|"7,734 16,377 16,937"
20802|"21-07-2022"|74581.8|"Merrily Arsnell"|"Av 523 No 559 44"|12.684|20.07|"26,392 25,321 8,511"
20504|"10-08-2022"|64576.42|"Terrell Marten"|"St 559 No 689 31"|18.827|21.43|"28,816 23,228 12,258"
20336|"20-08-2022"|46482.38|"Saraann Peterffy"|"St 567 No 492 93"|19.763|11.8|"11,928 12,705 10,758"
20685|"21-07-2022"|89311.17|"Markus Bissiker"|"Av 696 No 567 67"|15.189|24.78|"26,198 29,641 18,51"
20449|"10-08-2022"|87920.94|"Lorraine Dionis"|"St 567 No 937 29"|25.633|24.39|"17,322 28,085 27,757"
20253|"20-08-2022"|59451.25|"Moss Bewlay"|"Av 990 No 567 64"|25.277|24.59|"19,682 25,375 28,721"
20613|"31-07-2022"|37098.785|"Bili Trousdell"|"Av 132 No 568 44"|9.464|16.26|"10,323 20,465 17,991"
20068|"30-08-2022"|10405.248|"Inesita Quenby"|"Av 152 No 569 51"|6.636|22.66|"21,66 29,524 16,804"
20958|"16-07-2022"|162162.05|"Martino Raise"|"Av 235 No 569 95"|25.855|24.9|"24,94 21,625 28,122"
20044|"30-08-2022"|36197.28|"Bobby Ioan"|"Av 965 No 570 85"|23.085|26.16|"27,83 28,734 21,926"
20584|"31-07-2022"|31994.959|"Haydon Igglesden"|"Av 753 No 570 74"|8.162|18.36|"9,466 24,295 21,328"
20537|"31-07-2022"|83958.34|"Drucill Collinson"|"Av 072 No 573 23"|21.418|13.28|"6,128 7,002 26,7"
20542|"31-07-2022"|75655.805|"Worth Carrabot"|"Av 714 No 573 20"|19.3|15.47|"16,859 18,604 10,933"
20937|"16-07-2022"|161547.39|"Fina Tibald"|"St 574 No 968 03"|25.757|21.08|"27,889 22,014 13,328"
20480|"10-08-2022"|30012.412|"Elias Blagbrough"|"Av 239 No 575 92"|8.75|15.96|"28,076 13,862 5,951"
20406|"10-08-2022"|97332.83|"Leigh Haitlie"|"St 575 No 851 34"|28.377|24.23|"24,571 24,098 24,032"
20639|"31-07-2022"|74805.17|"Allard D'Aguanno"|"Av 960 No 576 94"|19.083|16.81|"21,643 21,766 7,023"
20454|"10-08-2022"|92469.1|"Myrtie Adelberg"|"St 577 No 385 42"|26.959|13.97|"16,022 15,553 10,329"
20186|"20-08-2022"|26556.318|"Stanton Greenin"|"Av 851 No 577 08"|11.291|28.41|"27,243 28,129 29,852"
20365|"10-08-2022"|86679.27|"Lisha Fishbourn"|"St 577 No 989 76"|25.271|17.15|"11,815 29,127 10,505"
20277|"20-08-2022"|16322.811|"Kerrill Gagin"|"St 578 No 164 46"|6.94|20.1|"28,323 24,596 7,383"
20281|"20-08-2022"|49173.055|"Kevin Sparham"|"St 579 No 070 64"|20.907|22.65|"19,832 24,084 24,026"
20545|"31-07-2022"|96020.16|"Byrom De Domenico"|"St 581 No 449 73"|24.495|19.17|"20,273 24,543 12,691"
20493|"10-08-2022"|63437.664|"Elfrieda Handlin"|"Av 933 No 581 20"|18.495|23.86|"29,891 29,141 12,538"
20085|"30-08-2022"|36837.023|"Berry Rouke"|"Av 293 No 582 83"|23.493|12.37|"9,241 15,809 12,063"
20123|"30-08-2022"|11462.08|"Lorens Percy"|"Av 282 No 583 17"|7.31|18.0|"14,503 18,678 20,815"
20858|"16-07-2022"|119569.02|"Tedie Phuprate"|"Av 946 No 584 46"|19.064|13.81|"20,959 8,315 12,17"
20951|"16-07-2022"|54321.617|"Jeffie Rodenhurst"|"St 586 No 232 71"|8.661|17.08|"9,091 12,662 29,498"
20463|"10-08-2022"|20614.24|"Liva Mansel"|"St 590 No 276 64"|6.01|19.29|"19,555 17,385 20,933"
20403|"10-08-2022"|22915.764|"Dori Offord"|"St 591 No 243 11"|6.681|20.79|"24,98 24,713 12,678"
20264|"20-08-2022"|51407.445|"Xaviera Euston"|"St 591 No 940 52"|21.857|17.94|"16,4 28,681 8,737"
20650|"31-07-2022"|108462.2|"Cameron Melby"|"Av 955 No 591 89"|27.669|20.34|"29,88 7,661 23,475"
20677|"31-07-2022"|73974.13|"Efren Mobberley"|"St 594 No 741 60"|18.871|15.66|"19,515 8,076 19,395"
20837|"21-07-2022"|73493.99|"Judye Larmour"|"Av 417 No 594 81"|12.499|17.04|"22,632 22,518 5,981"
20705|"21-07-2022"|138703.08|"Adelaide Bracknell"|"St 594 No 172 44"|23.589|20.43|"27,043 12,411 21,846"
20631|"31-07-2022"|109571.56|"Goddart Plampeyn"|"Av 897 No 596 37"|27.952|6.62|"5,667 5,13 9,052"
20372|"10-08-2022"|22514.455|"Jermaine Albarez"|"Av 180 No 596 29"|6.564|19.96|"6,495 26,636 26,741"
20666|"31-07-2022"|104373.66|"Nikola Turfes"|"St 597 No 649 87"|26.626|27.34|"28,926 23,223 29,88"
20112|"30-08-2022"|43353.633|"Lind Moscone"|"St 598 No 902 70"|27.649|16.18|"19,952 23,32 5,265"
20626|"31-07-2022"|78466.44|"Maggee Hollebon"|"Av 112 No 598 91"|20.017|21.76|"21,133 17,916 26,232"
20331|"20-08-2022"|60488.48|"Torry Gatlin"|"Av 009 No 598 73"|25.718|16.81|"9,802 24,649 15,981"
20309|"20-08-2022"|50102.09|"Alta Linturn"|"Av 349 No 601 86"|21.302|12.29|"14,388 5,528 16,968"
20113|"30-08-2022"|31350.592|"Adey Kehir"|"Av 946 No 604 55"|19.994|16.17|"7,025 15,594 25,895"
20206|"20-08-2022"|37772.96|"Lorant Navan"|"St 604 No 648 52"|16.06|17.93|"13,714 25,122 14,939"
20653|"31-07-2022"|56138.176|"Benjamen Beake"|"St 605 No 473 93"|14.321|15.05|"11,09 18,939 15,13"
20854|"16-07-2022"|142273.6|"Eugenius Syres"|"St 606 No 437 54"|22.684|21.65|"29,297 9,271 26,374"
20457|"10-08-2022"|83619.73|"Gerhardine Dencs"|"Av 423 No 606 07"|24.379|15.0|"8,473 10,114 26,426"
20291|"20-08-2022"|21022.086|"Korey Vaudin"|"St 606 No 147 30"|8.938|14.92|"14,458 21,34 8,953"
20720|"21-07-2022"|95890.875|"Findley Kovacs"|"Av 090 No 608 50"|16.308|8.47|"10,6 8,222 6,578"
20306|"20-08-2022"|35957.223|"Maurits Mateev"|"Av 349 No 609 60"|15.288|15.53|"7,33 18,976 20,28"
20891|"16-07-2022"|60449.344|"Sabra Gomersal"|"St 611 No 080 88"|9.638|16.3|"11,043 12,145 25,707"
20697|"21-07-2022"|112554.766|"Rori Somerville"|"St 611 No 467 57"|19.142|21.54|"6,829 28,01 29,784"
20582|"31-07-2022"|91602.33|"Nicolina Thowless"|"Av 274 No 612 04"|23.368|17.55|"19,211 20,285 13,142"
20165|"30-08-2022"|46989.824|"Aluino Blakeley"|"Av 526 No 614 22"|29.968|17.79|"27,498 20,856 5,019"
20852|"16-07-2022"|38591.492|"Augusto Lago"|"St 614 No 464 20"|6.153|18.97|"24,456 15,39 17,077"
20469|"10-08-2022"|23797.271|"Elihu Faint"|"Av 066 No 615 30"|6.938|15.54|"18,402 7,5 20,71"
20425|"10-08-2022"|101647.75|"Husain Maruszewski"|"Av 157 No 615 43"|29.635|17.41|"6,889 20,323 25,02"
20583|"31-07-2022"|108034.92|"Kelcy Sailes"|"St 616 No 797 90"|27.56|14.76|"8,394 27,709 8,178"
20247|"20-08-2022"|67257.51|"Terrence Stickney"|"Av 412 No 616 23"|28.596|26.47|"29,408 29,636 20,351"
20095|"30-08-2022"|14565.152|"Andrea Lebel"|"St 616 No 390 52"|9.289|13.98|"16,538 15,291 10,123"
20638|"31-07-2022"|71030.22|"Jenni Revening"|"St 618 No 655 68"|18.12|19.25|"23,14 21,513 13,083"
20324|"20-08-2022"|27010.254|"Felice Bodman"|"St 618 No 450 07"|11.484|14.16|"9,072 6,597 26,816"
20435|"10-08-2022"|102416.07|"Francois Durgan"|"St 618 No 045 02"|29.859|19.37|"23,369 11,509 23,227"
20360|"10-08-2022"|99853.87|"Pate Cayzer"|"Av 594 No 620 22"|29.112|19.54|"17,193 13,077 28,346"
20981|"16-07-2022"|170648.03|"Mahmud Moncreiff"|"St 620 No 493 71"|27.208|17.9|"17,011 14,229 22,464"
20560|"31-07-2022"|91966.88|"Locke Abley"|"Av 010 No 623 95"|23.461|17.28|"5,859 25,271 20,696"
20297|"20-08-2022"|36382.934|"Sean Sibbert"|"St 623 No 275 27"|15.469|12.45|"17,825 12,318 7,207"
20337|"20-08-2022"|26466.943|"Rosmunda Pesterfield"|"Av 380 No 623 94"|11.253|16.27|"27,249 15,601 5,967"
20569|"31-07-2022"|60873.523|"Selle Lainton"|"St 625 No 497 14"|15.529|14.23|"6,48 23,977 12,224"
20761|"21-07-2022"|126878.42|"Clo Skellington"|"St 626 No 768 48"|21.578|23.89|"23,348 29,667 18,645"
20040|"30-08-2022"|20442.016|"Kaja Katt"|"St 626 No 330 76"|13.037|23.42|"27,192 19,654 23,426"
20126|"30-08-2022"|34793.92|"Flo Sandwich"|"Av 546 No 627 16"|22.19|25.8|"25,671 22,477 29,242"
20784|"21-07-2022"|85483.3|"Germain Olenichev"|"St 627 No 717 55"|14.538|21.34|"24,687 13,44 25,884"
20711|"21-07-2022"|141513.72|"Steven Byrd"|"St 627 No 810 56"|24.067|24.52|"21,344 27,912 24,311"
20304|"20-08-2022"|18616.0|"Elias Moukes"|"St 627 No 982 88"|7.915|20.0|"26,416 8,013 25,566"
20242|"20-08-2022"|64249.312|"Lib Drivers"|"St 631 No 700 37"|27.317|23.5|"26,256 23,671 20,567"
20278|"20-08-2022"|22315.682|"Ramonda Mitkcov"|"Av 023 No 632 77"|9.488|11.62|"12,895 9,582 12,378"
20511|"10-08-2022"|91964.89|"Demetra Bonafant"|"St 635 No 035 37"|26.812|21.18|"26,151 20,123 17,268"
20048|"30-08-2022"|45454.754|"Neils Price"|"Av 374 No 636 76"|28.989|9.62|"13,396 5,129 10,348"
20088|"30-08-2022"|17003.393|"Lee Kitchenside"|"Av 896 No 637 51"|10.844|13.77|"7,566 6,192 27,553"
20231|"20-08-2022"|55521.074|"Caritta Sevier"|"Av 625 No 638 28"|23.606|24.9|"28,956 28,626 17,127"
20137|"30-08-2022"|29150.688|"Beverly Mazzia"|"St 638 No 360 37"|18.591|18.1|"15,894 21,518 16,874"
20097|"30-08-2022"|40106.305|"Karil Delph"|"St 641 No 322 36"|25.578|19.74|"21,371 28,235 9,604"
20368|"10-08-2022"|95974.55|"Kearney MacAnespie"|"St 643 No 003 43"|27.981|22.14|"25,278 17,9 23,227"
20629|"31-07-2022"|69834.625|"Carmelle Meininking"|"Av 810 No 643 73"|17.815|12.46|"10,587 8,592 18,186"
20521|"31-07-2022"|100379.19|"Gertie Chasen"|"St 645 No 055 40"|25.607|16.41|"12,122 8,231 28,868"
20860|"16-07-2022"|157313.8|"Stormi Winterton"|"Av 177 No 645 75"|25.082|10.63|"6,476 13,544 11,865"
20843|"16-07-2022"|143101.5|"Ame Spir"|"St 647 No 272 41"|22.816|9.39|"7,703 6,261 14,209"
20294|"20-08-2022"|56273.71|"Curry Scedall"|"Av 658 No 647 02"|23.926|14.95|"20,584 18,005 6,257"
20811|"21-07-2022"|63498.01|"Roxy Hasney"|"Av 855 No 647 18"|10.799|22.91|"18,219 23,749 26,752"
20562|"31-07-2022"|51065.71|"Vittorio Erdis"|"Av 663 No 648 52"|13.027|24.11|"21,044 24,291 26,984"
20176|"20-08-2022"|40776.45|"Laurent Brach"|"Av 570 No 648 75"|17.337|24.58|"21,461 28,508 23,773"
20853|"16-07-2022"|70829.47|"Kylie Divis"|"Av 036 No 649 85"|11.293|15.14|"11,2 7,998 26,212"
20481|"10-08-2022"|60985.223|"Nev Denmead"|"Av 579 No 649 91"|17.78|18.13|"23,117 17,36 13,898"
20864|"16-07-2022"|111898.4|"Rebe Crone"|"St 650 No 773 74"|17.841|20.09|"15,439 25,696 19,128"
20011|"30-08-2022"|26434.912|"Reagan Pridgeon"|"St 650 No 520 06"|16.859|15.58|"27,746 13,985 5,005"
20437|"10-08-2022"|75171.664|"Jessamine Ewbanche"|"Av 842 No 652 43"|21.916|20.11|"9,438 21,291 29,589"
20637|"31-07-2022"|56400.816|"Michele Fooks"|"Av 031 No 653 19"|14.388|15.45|"7,22 15,378 23,75"
20525|"31-07-2022"|58129.53|"Mark Beardsley"|"Av 380 No 654 03"|14.829|16.5|"9,15 19,901 20,448"
20772|"21-07-2022"|42741.65|"Monroe Falloon"|"Av 455 No 655 22"|7.269|15.95|"10,769 18,738 18,343"
20168|"30-08-2022"|33804.51|"Lindsay Trevithick"|"St 656 No 763 43"|21.559|24.36|"29,34 26,152 17,583"
20343|"20-08-2022"|63254.418|"Easter Pude"|"St 657 No 927 47"|26.894|13.68|"20,418 14,873 5,74"
20792|"21-07-2022"|72265.08|"Corny Dixsee"|"Av 961 No 657 73"|12.29|13.58|"7,796 17,03 15,91"
20725|"21-07-2022"|143124.84|"Sibby Monteith"|"St 658 No 473 53"|24.341|6.12|"6,828 5,924 5,622"
20509|"10-08-2022"|25501.977|"Dolorita McSperron"|"Av 433 No 658 84"|7.435|16.61|"29,771 13,586 6,475"
20376|"10-08-2022"|51765.41|"Kimmie Laffranconi"|"St 659 No 049 88"|15.092|15.0|"25,162 9,745 10,101"
20857|"16-07-2022"|86935.914|"Miranda Stobie"|"Av 375 No 659 16"|13.861|15.3|"12,041 11,855 21,99"
20909|"16-07-2022"|136497.1|"Field Dwyer"|"St 659 No 459 62"|21.763|15.02|"26,065 8,08 10,9"
20814|"21-07-2022"|59193.86|"Jordain Konmann"|"Av 665 No 662 74"|10.067|13.37|"14,301 15,722 10,081"
20922|"16-07-2022"|162789.23|"Garth Mees"|"St 662 No 285 15"|25.955|17.59|"29,852 10,628 12,299"
20073|"30-08-2022"|8161.44|"Caterina Macvain"|"Av 188 No 662 42"|5.205|17.31|"28,796 6,727 16,407"
20451|"10-08-2022"|92445.09|"Tremayne Setford"|"St 664 No 225 05"|26.952|17.42|"14,528 29,223 8,522"
20942|"16-07-2022"|178462.92|"Conrad Staves"|"Av 568 No 665 33"|28.454|10.9|"19,104 5,972 7,613"
20673|"31-07-2022"|23378.82|"Merry Sones"|"St 667 No 139 12"|5.964|18.34|"5,625 24,154 25,255"
20374|"10-08-2022"|61588.902|"Beryl Wetton"|"Av 869 No 667 29"|17.956|15.82|"8,412 10,965 28,076"
20104|"30-08-2022"|24540.768|"Melba Curee"|"Av 815 No 668 96"|15.651|10.77|"11,958 6,244 14,101"
20201|"20-08-2022"|38659.66|"Livy Timmes"|"St 669 No 660 73"|16.437|14.19|"6,105 8,156 28,297"
20670|"31-07-2022"|61042.086|"Kinna Learmonth"|"St 670 No 829 48"|15.572|9.76|"11,163 7,009 11,098"
20941|"16-07-2022"|164708.47|"Jeddy Checklin"|"St 670 No 427 47"|26.261|13.94|"18,506 9,949 13,367"
20002|"30-08-2022"|37189.824|"Janaya Isaacson"|"St 670 No 272 47"|23.718|16.6|"10,93 20,419 18,449"
20301|"20-08-2022"|41305.65|"Elliott Mallen"|"Av 021 No 671 15"|17.562|20.11|"18,542 19,476 22,301"
20551|"31-07-2022"|30544.562|"Hilda Wane"|"St 671 No 378 81"|7.792|21.38|"8,285 27,754 28,103"
20322|"20-08-2022"|25394.436|"Perla Timmis"|"Av 051 No 672 81"|10.797|11.26|"6,695 9,215 17,875"
20804|"21-07-2022"|47498.56|"Phillipe Leyre"|"St 674 No 432 54"|8.078|13.02|"8,603 21,356 9,096"
20952|"16-07-2022"|82376.19|"Laraine McQuilliam"|"St 675 No 584 58"|13.134|11.8|"22,254 6,78 6,377"
20777|"21-07-2022"|48016.0|"Malena Armstead"|"St 677 No 530 08"|8.166|19.62|"24,61 28,413 5,828"
20286|"20-08-2022"|38765.5|"Karrie Leatt"|"Av 868 No 677 70"|16.482|15.76|"14,657 26,272 6,352"
20636|"31-07-2022"|39458.62|"Chiquia Acaster"|"St 678 No 537 14"|10.066|26.11|"20,192 28,402 29,736"
20350|"20-08-2022"|20775.127|"Glenine Roney"|"Av 337 No 678 45"|8.833|15.61|"26,088 6,057 14,687"
20300|"20-08-2022"|19166.367|"Doris Wardrope"|"Av 248 No 678 60"|8.149|23.11|"18,107 22,305 28,926"
20976|"16-07-2022"|123746.164|"Zorina Stringfellow"|"Av 105 No 679 13"|19.73|20.11|"25,383 29,283 5,657"
20296|"20-08-2022"|56558.305|"Lorenza Lenglet"|"St 679 No 750 75"|24.047|13.5|"6,524 22,593 11,378"
20060|"30-08-2022"|17077.088|"Elinore Gilder"|"St 680 No 728 79"|10.891|15.67|"11,26 29,979 5,757"
20968|"16-07-2022"|141734.2|"Ahmad Scrimshaw"|"Av 539 No 680 20"|22.598|25.74|"22,943 24,68 29,599"
20069|"30-08-2022"|42699.777|"Phaidra Everix"|"Av 011 No 681 60"|27.232|15.77|"27,842 5,915 13,552"
20282|"20-08-2022"|19980.154|"Adamo Pottie"|"St 681 No 718 68"|8.495|27.07|"25,066 26,713 29,441"
20034|"30-08-2022"|28156.576|"Ania Gammade"|"Av 979 No 682 54"|17.957|14.83|"19,95 6,693 17,851"
20691|"21-07-2022"|135239.77|"Ced Cleverly"|"St 682 No 751 66"|23.0|13.33|"11,267 12,878 15,848"
20910|"16-07-2022"|108248.1|"Dewey Ranson"|"St 682 No 654 23"|17.259|20.77|"23,997 16,684 21,639"
20903|"16-07-2022"|153914.39|"Moyra McGeechan"|"St 682 No 354 05"|24.54|14.46|"13,23 16,57 13,584"
20911|"16-07-2022"|86572.14|"Abe Euplate"|"St 682 No 331 90"|13.803|18.12|"15,733 29,869 8,77"
20555|"31-07-2022"|61245.92|"Heidie Volante"|"St 684 No 954 63"|15.624|12.31|"14,198 7,158 15,588"
20865|"16-07-2022"|138472.78|"Tamma Ardley"|"St 684 No 087 05"|22.078|14.57|"7,379 11,98 24,362"
20177|"20-08-2022"|15236.191|"Jacintha Isaksson"|"St 685 No 589 15"|6.478|9.83|"14,766 8,696 6,016"
20298|"20-08-2022"|27800.521|"Rebekkah Grabb"|"St 686 No 806 31"|11.82|19.37|"22,534 27,537 8,026"
20490|"10-08-2022"|59119.31|"Jen Cardenosa"|"St 689 No 004 58"|17.236|19.75|"18,384 22,066 18,808"
20689|"21-07-2022"|94914.8|"Darwin MacNeilage"|"St 691 No 966 21"|16.142|9.38|"7,047 12,482 8,608"
20053|"30-08-2022"|40689.6|"Hermann Andriesse"|"St 692 No 805 55"|25.95|15.54|"17,557 20,081 8,97"
20828|"21-07-2022"|70554.0|"Orly Kaes"|"Av 691 No 692 58"|11.999|16.78|"11,987 8,705 29,652"
20734|"21-07-2022"|30975.787|"Lynette Danslow"|"St 694 No 454 00"|5.268|21.92|"20,916 29,875 14,978"
20756|"21-07-2022"|114336.41|"Candi Brik"|"Av 079 No 694 97"|19.445|20.28|"25,044 14,528 21,263"
20128|"30-08-2022"|37472.062|"Fredrika Winfindale"|"St 694 No 028 38"|23.898|19.17|"9,798 24,298 23,409"
20046|"30-08-2022"|12208.448|"Tadeas Kliche"|"St 696 No 593 52"|7.786|18.23|"7,673 23,711 23,309"
20025|"30-08-2022"|40479.49|"Leanora Padden"|"St 698 No 635 98"|25.816|13.87|"8,978 21,635 10,987"
20305|"20-08-2022"|65187.754|"Ian Cufflin"|"St 698 No 226 73"|27.716|15.47|"28,51 6,561 11,338"
20103|"30-08-2022"|45777.76|"Rubin Baudinot"|"Av 875 No 700 02"|29.195|16.33|"16,868 22,204 9,923"
20108|"30-08-2022"|9312.352|"Kelby Conrard"|"Av 449 No 701 39"|5.939|20.84|"25,929 24,503 12,083"
20655|"31-07-2022"|60520.727|"Antonietta Riccetti"|"St 702 No 440 64"|15.439|11.1|"9,922 10,991 12,398"
20290|"20-08-2022"|12075.116|"Devora Lawranson"|"Av 133 No 702 00"|5.134|19.65|"10,174 28,21 20,562"
20688|"21-07-2022"|68107.92|"Bridgette Cottrell"|"St 703 No 505 23"|11.583|13.66|"18,488 16,125 6,37"
20938|"16-07-2022"|129880.164|"Maxy Lynn"|"St 705 No 487 91"|20.708|19.59|"17,079 15,983 25,695"
20329|"20-08-2022"|28240.344|"Phebe Dinsey"|"St 706 No 802 60"|12.007|14.48|"15,816 11,554 16,074"
20887|"16-07-2022"|118396.164|"Kittie Strover"|"St 708 No 481 91"|18.877|20.04|"29,143 24,389 6,595"
20351|"20-08-2022"|12597.259|"Toni Halfhyde"|"St 710 No 081 06"|5.356|11.58|"8,086 19,654 7,008"
20598|"31-07-2022"|88082.17|"Byram Grange"|"Av 780 No 711 95"|22.47|15.17|"15,743 20,156 9,615"
20056|"30-08-2022"|40238.016|"Vite Hamor"|"Av 957 No 711 36"|25.662|11.78|"14,519 5,319 15,493"
20531|"31-07-2022"|115914.1|"Garik Balf"|"St 712 No 070 54"|29.57|10.2|"14,887 5,817 9,895"
20007|"30-08-2022"|20926.527|"Hernando De Marchi"|"St 713 No 790 47"|13.346|26.84|"24,034 28,133 28,342"
20974|"16-07-2022"|124712.05|"Denna Terrett"|"St 713 No 950 54"|19.884|15.26|"17,175 19,24 9,363"
20491|"10-08-2022"|56937.836|"Lula Jorgesen"|"St 714 No 696 21"|16.6|18.92|"9,49 26,238 21,024"
20434|"10-08-2022"|72551.15|"Spense Penney"|"Av 104 No 714 21"|21.152|11.14|"14,774 5,989 12,651"
20203|"20-08-2022"|51449.78|"Decca Ovise"|"St 715 No 610 41"|21.875|11.54|"9,329 16,382 8,894"
20442|"10-08-2022"|81345.64|"Townsend Kidd"|"St 716 No 330 27"|23.716|19.66|"13,752 21,174 24,047"
20408|"10-08-2022"|31446.148|"Christiana Senior"|"Av 201 No 716 65"|9.168|17.61|"19,975 14,775 18,079"
20366|"10-08-2022"|37023.312|"Fernando Conklin"|"St 716 No 082 42"|10.794|20.5|"28,341 5,292 27,866"
20272|"20-08-2022"|35510.344|"Rici Andrzejewski"|"Av 670 No 717 87"|15.098|20.34|"27,045 5,875 28,114"
20640|"31-07-2022"|107662.52|"Roslyn Eleshenar"|"St 718 No 712 60"|27.465|23.21|"26,257 19,474 23,905"
20193|"20-08-2022"|21454.854|"Allyn Gershom"|"St 718 No 297 60"|9.122|25.93|"26,422 25,595 25,765"
20216|"20-08-2022"|70526.77|"Ebonee Bramelt"|"Av 433 No 719 45"|29.986|13.67|"24,986 10,846 5,184"
20747|"21-07-2022"|68837.04|"Thomasa Tew"|"Av 087 No 720 84"|11.707|23.94|"28,776 17,429 25,609"
20765|"21-07-2022"|166774.16|"Frants Merigot"|"St 721 No 154 90"|28.363|21.12|"28,787 12,007 22,57"
20869|"16-07-2022"|61659.836|"Kaila Cogdon"|"St 722 No 333 61"|9.831|17.29|"18,723 27,507 5,642"
20687|"21-07-2022"|98613.31|"Jamaal Werrit"|"St 723 No 195 16"|16.771|12.71|"6,874 12,017 19,232"
20791|"21-07-2022"|79044.7|"Lucy Trevithick"|"Av 595 No 723 76"|13.443|14.3|"10,762 20,639 11,505"
20081|"30-08-2022"|32123.615|"Hannah Moyes"|"Av 921 No 723 07"|20.487|11.23|"12,567 10,977 10,133"
20692|"21-07-2022"|175864.62|"Nannie Birdsey"|"Av 103 No 724 06"|29.909|18.28|"27,17 8,438 19,225"
20824|"21-07-2022"|175864.62|"Marcelia Kob"|"Av 528 No 725 95"|29.909|15.74|"9,977 29,24 8,005"
20438|"10-08-2022"|81335.35|"Obed Neubigin"|"St 726 No 524 74"|23.713|15.53|"18,028 11,822 16,745"
20400|"10-08-2022"|37061.043|"Theressa Gromley"|"Av 445 No 727 16"|10.805|6.52|"7,473 6,641 5,444"
20057|"30-08-2022"|44756.992|"Hanan Scheffel"|"St 727 No 878 77"|28.544|16.97|"10,656 28,259 12,001"
20866|"16-07-2022"|42436.215|"Genovera Bagnold"|"Av 186 No 731 08"|6.766|20.4|"19,389 14,991 26,83"
20492|"10-08-2022"|23330.791|"Paloma Ebdin"|"Av 991 No 733 08"|6.802|17.76|"13,634 20,8 18,833"
20558|"31-07-2022"|32379.117|"Travus de Chastelain"|"St 734 No 304 36"|8.26|15.5|"14,527 22,252 9,728"
20078|"30-08-2022"|23659.553|"Janean McGoogan"|"St 736 No 554 05"|15.089|18.09|"18,504 23,458 12,309"
20466|"10-08-2022"|44360.062|"Nona Firle"|"Av 111 No 738 80"|12.933|21.72|"29,097 16,861 19,209"
20150|"30-08-2022"|41642.945|"Duky Want"|"St 741 No 152 56"|26.558|22.63|"28,16 11,517 28,205"
20122|"30-08-2022"|42764.062|"Chicky Gorman"|"St 741 No 348 91"|27.273|8.94|"7,395 10,043 9,394"
20641|"31-07-2022"|65557.914|"Rafaelita Broadbridge"|"Av 881 No 743 80"|16.724|12.62|"25,586 7,203 5,078"
20208|"20-08-2022"|49083.68|"Quint Burdin"|"St 744 No 068 28"|20.869|11.56|"5,497 15,18 13,994"
20028|"30-08-2022"|26615.232|"Buck MacCallester"|"St 745 No 081 92"|16.974|11.42|"6,299 9,585 18,388"
20790|"21-07-2022"|35738.58|"Naomi Lines"|"Av 370 No 745 69"|6.078|18.64|"9,459 23,185 23,277"
20883|"16-07-2022"|92624.6|"Cinda Blakeslee"|"St 746 No 894 06"|14.768|7.95|"10,62 6,367 6,853"
20766|"21-07-2022"|146558.75|"Corbie Calan"|"Av 805 No 746 34"|24.925|19.01|"13,165 24,152 19,706"
20733|"21-07-2022"|100430.23|"Ofella Lipscomb"|"Av 738 No 746 89"|17.08|15.11|"8,637 8,785 27,908"
20259|"20-08-2022"|26885.598|"Meredith Semechik"|"Av 487 No 746 75"|11.431|11.48|"9,944 12,425 12,067"
20283|"20-08-2022"|61215.242|"Gabriella Warrell"|"Av 543 No 747 50"|26.027|18.99|"6,034 23,068 27,867"
20634|"31-07-2022"|64221.195|"Murielle Gair"|"Av 554 No 748 43"|16.383|14.82|"22,05 7,281 15,114"
20055|"30-08-2022"|12059.488|"Pauline Burrows"|"Av 983 No 750 96"|7.691|21.14|"10,183 26,159 27,067"
20962|"16-07-2022"|64507.312|"Lorena Duham"|"Av 419 No 750 47"|10.285|17.0|"20,461 9,915 20,613"
20829|"21-07-2022"|90698.84|"Manya Bayless"|"St 752 No 668 40"|15.425|20.1|"15,058 18,775 26,471"
20779|"21-07-2022"|113748.41|"Marley Raleston"|"St 753 No 176 43"|19.345|17.93|"14,15 15,177 24,457"
20423|"10-08-2022"|17763.918|"Olly Casarili"|"St 753 No 472 73"|5.179|12.01|"17,929 12,031 6,069"
20980|"16-07-2022"|49034.34|"Ardelis Stathers"|"Av 723 No 754 57"|7.818|23.18|"20,384 25,662 23,482"
20118|"30-08-2022"|38296.832|"Drusilla Kenewel"|"St 756 No 577 46"|24.424|19.4|"28,919 20,084 9,185"
20888|"16-07-2022"|160242.81|"Vern Antonazzi"|"St 756 No 169 46"|25.549|13.64|"23,257 9,864 7,784"
20596|"31-07-2022"|48447.156|"Luce Braams"|"St 758 No 708 46"|12.359|19.32|"29,508 7,545 20,893"
20022|"30-08-2022"|32868.414|"Stephani Foulkes"|"Av 725 No 764 85"|20.962|22.92|"21,269 21,527 25,951"
20096|"30-08-2022"|33614.785|"Kathryne Hansman"|"Av 376 No 764 19"|21.438|18.34|"18,616 25,385 11,022"
20075|"30-08-2022"|14292.32|"Flint Yakovlev"|"Av 920 No 765 71"|9.115|14.93|"11,482 27,656 5,653"
20672|"31-07-2022"|112037.234|"Nealy Gatcliff"|"Av 675 No 766 58"|28.581|16.81|"18,135 7,706 24,586"
20499|"10-08-2022"|22315.516|"Nicolette Fairburn"|"Av 157 No 766 95"|6.506|15.05|"22,663 16,736 5,736"
20615|"31-07-2022"|97972.31|"Gilberte Chastang"|"Av 024 No 767 89"|24.993|7.79|"7,143 7,194 9,03"
20267|"20-08-2022"|21269.045|"Ronny Robertet"|"St 767 No 049 52"|9.043|19.4|"26,928 20,203 11,061"
20483|"10-08-2022"|38803.477|"Eddie Classen"|"St 768 No 861 04"|11.313|22.17|"21,544 29,472 15,504"
20117|"30-08-2022"|30470.943|"Audrey Deakes"|"St 769 No 099 37"|19.433|16.83|"13,472 18,617 18,386"
20543|"31-07-2022"|93836.72|"Lazaro Titterton"|"St 769 No 651 10"|23.938|17.89|"12,11 29,772 11,793"
20950|"16-07-2022"|116840.72|"Lisetta Taphouse"|"St 770 No 998 73"|18.629|11.04|"5,515 6,13 21,489"
20052|"30-08-2022"|10704.736|"Dianemarie Trimby"|"St 770 No 088 09"|6.827|19.32|"8,964 19,481 29,528"
20059|"30-08-2022"|14786.24|"Vikky MacWilliam"|"St 771 No 012 93"|9.43|20.35|"26,744 7,672 26,632"
20589|"31-07-2022"|84926.586|"Eugine Gouny"|"St 772 No 793 32"|21.665|8.93|"12,905 7,538 6,352"
20401|"10-08-2022"|29820.334|"Suzi MacLleese"|"Av 070 No 772 28"|8.694|11.82|"14,312 11,172 9,974"
20905|"16-07-2022"|85706.61|"Esmeralda Giabucci"|"Av 383 No 773 46"|13.665|15.96|"5,049 21,533 21,298"
20724|"21-07-2022"|157548.45|"Claire Kieff"|"St 773 No 404 52"|26.794|13.04|"6,015 11,367 21,74"
20129|"30-08-2022"|40688.03|"Berrie Matteacci"|"Av 619 No 778 70"|25.949|15.41|"17,944 23,195 5,08"
20563|"31-07-2022"|50430.67|"Renate Hylands"|"St 778 No 040 40"|12.865|19.49|"27,915 22,778 7,778"
20996|"16-07-2022"|147749.03|"Gill Maxstead"|"Av 146 No 779 61"|23.557|13.29|"14,203 7,38 18,297"
20630|"31-07-2022"|84805.06|"Grange Climpson"|"Av 008 No 781 52"|21.634|17.66|"20,077 12,931 19,981"
20101|"30-08-2022"|21146.049|"Terrye Slay"|"Av 924 No 781 10"|13.486|19.27|"15,187 29,168 13,459"
20202|"20-08-2022"|23202.38|"Lyndsay Mabbe"|"St 783 No 466 77"|9.865|19.65|"25,722 15,357 17,878"
20716|"21-07-2022"|86453.49|"Marlyn Figgen"|"Av 741 No 783 23"|14.703|22.78|"29,802 10,24 28,283"
20099|"30-08-2022"|11960.704|"Flor Ouslem"|"Av 503 No 784 81"|7.628|18.84|"22,662 12,611 21,247"
20354|"20-08-2022"|37954.062|"Robbin Bessant"|"Av 297 No 785 59"|16.137|12.9|"5,166 8,791 24,732"
20603|"31-07-2022"|68925.19|"Coralyn Simonsen"|"Av 906 No 786 16"|17.583|9.23|"7,04 14,597 6,063"
20508|"10-08-2022"|76399.59|"Rees Tournay"|"St 786 No 018 29"|22.274|15.73|"19,042 22,659 5,495"
20573|"31-07-2022"|34785.992|"Dall Langelaan"|"St 789 No 355 23"|8.874|18.68|"15,821 12,834 27,374"
20859|"16-07-2022"|165837.42|"Wallie Littlefield"|"Av 742 No 790 46"|26.441|12.56|"19,726 12,558 5,388"
20299|"20-08-2022"|17741.06|"Rochette Barbier"|"St 790 No 363 18"|7.543|19.06|"25,49 20,124 11,579"
20215|"20-08-2022"|60389.695|"Devan Vaillant"|"Av 154 No 791 55"|25.676|20.61|"28,29 11,835 21,71"
20370|"10-08-2022"|45039.2|"Liz Grainger"|"St 796 No 409 75"|13.131|15.3|"11,335 26,225 8,35"
20999|"16-07-2022"|94249.05|"Sasha Voisey"|"St 797 No 441 18"|15.027|15.76|"11,276 27,428 8,58"
20381|"10-08-2022"|20302.111|"Elliot Fawdry"|"Av 657 No 797 52"|5.919|13.07|"23,5 5,079 10,634"
20933|"16-07-2022"|172742.88|"Abramo Kingsman"|"Av 024 No 798 27"|27.542|25.51|"21,258 25,991 29,294"
20956|"16-07-2022"|131128.28|"Orville Goolding"|"Av 788 No 799 83"|20.907|17.63|"10,183 27,236 15,467"
20005|"30-08-2022"|27631.297|"Saundra Bellis"|"St 803 No 114 68"|17.622|9.11|"7,121 8,581 11,64"
20391|"10-08-2022"|74845.81|"Kennie Barkshire"|"Av 302 No 803 13"|21.821|26.49|"25,584 27,42 26,471"
20818|"21-07-2022"|147540.7|"Amitie Aplin"|"Av 789 No 803 31"|25.092|16.98|"27,012 10,333 13,59"
20742|"21-07-2022"|90545.97|"Bordy Bullocke"|"St 804 No 603 30"|15.399|16.81|"20,816 15,55 14,076"
20839|"21-07-2022"|43359.047|"Mercie Gerasch"|"Av 016 No 804 04"|7.374|9.74|"13,8 6,85 8,563"
20024|"30-08-2022"|33702.594|"Fred Hackford"|"Av 733 No 805 91"|21.494|19.8|"25,422 27,389 6,582"
20731|"21-07-2022"|50168.074|"Michaelina Vahey"|"St 806 No 142 55"|8.532|14.66|"20,764 10,693 12,508"
20248|"20-08-2022"|21066.775|"Joseito MacKilroe"|"St 807 No 170 78"|8.957|18.22|"25,297 15,923 13,428"
20701|"21-07-2022"|138979.44|"Aloisia Deftie"|"St 807 No 645 24"|23.636|16.4|"27,976 10,475 10,753"
20997|"16-07-2022"|56987.21|"Frederick Keary"|"St 809 No 079 62"|9.086|13.14|"23,454 7,88 8,098"
20356|"20-08-2022"|68132.445|"Doll Jerrold"|"Av 113 No 809 84"|28.968|21.63|"19,569 19,5 25,828"
20134|"30-08-2022"|20440.447|"Janos Dudley"|"Av 324 No 809 20"|13.036|22.59|"28,836 28,989 9,952"
20969|"16-07-2022"|43546.355|"Ailbert Fahey"|"Av 645 No 809 30"|6.943|22.35|"29,101 14,805 23,15"
20698|"21-07-2022"|105945.66|"Herrick Garret"|"St 810 No 547 16"|18.018|18.09|"14,432 26,783 13,048"
20413|"10-08-2022"|90822.7|"Jemie Crickett"|"St 811 No 303 34"|26.479|24.27|"17,058 29,227 26,517"
20047|"30-08-2022"|16924.992|"Cloe Commings"|"Av 969 No 812 77"|10.794|16.71|"29,829 10,126 10,166"
20013|"30-08-2022"|43455.55|"Emelina Wardrop"|"Av 457 No 812 81"|27.714|23.25|"28,96 12,222 28,572"
20817|"21-07-2022"|155090.61|"Lianna Lexa"|"St 813 No 380 63"|26.376|16.21|"17,139 16,63 14,855"
20503|"10-08-2022"|81572.02|"Virginie Itscovitz"|"Av 375 No 814 59"|23.782|6.9|"7,098 5,657 7,956"
20648|"31-07-2022"|57800.254|"Tripp Shallcroff"|"Av 340 No 815 66"|14.745|19.89|"15,192 22,887 21,581"
20760|"21-07-2022"|123185.79|"Alyda Kadar"|"St 817 No 103 91"|20.95|25.7|"22,004 26,525 28,57"
20902|"16-07-2022"|111522.08|"Salomo Lepick"|"Av 107 No 817 88"|17.781|26.73|"27,027 25,473 27,696"
20623|"31-07-2022"|86553.38|"Ebony Beseke"|"Av 066 No 819 57"|22.08|23.84|"21,115 29,246 21,152"
20819|"21-07-2022"|174324.06|"Aurlie Steabler"|"Av 559 No 820 85"|29.647|22.58|"29,451 11,505 26,777"
20223|"20-08-2022"|21857.043|"Smith Marrington"|"St 820 No 127 72"|9.293|16.69|"28,743 6,359 14,962"
20870|"16-07-2022"|42448.76|"Nickolai Pudsey"|"Av 360 No 821 45"|6.768|15.09|"25,432 13,442 6,394"
20441|"10-08-2022"|34481.69|"Henrieta O'Shiels"|"St 822 No 532 15"|10.053|14.86|"14,259 9,672 20,636"
20987|"16-07-2022"|53362.004|"Babbette Gatherell"|"St 829 No 987 59"|8.508|23.73|"22,881 21,943 26,364"
20973|"16-07-2022"|186879.92|"Conn Conachie"|"St 830 No 995 35"|29.796|24.89|"25,808 27,145 21,705"
20548|"31-07-2022"|21795.145|"Cathlene Lindeman"|"St 831 No 077 35"|5.56|18.6|"26,858 8,568 20,372"
20536|"31-07-2022"|25268.256|"Arda Smorfit"|"Av 170 No 831 17"|6.446|10.71|"12,98 9,164 9,992"
20714|"21-07-2022"|147775.9|"Matilde Girardi"|"St 831 No 443 50"|25.132|18.32|"21,028 17,253 16,667"
20879|"16-07-2022"|112864.28|"Marie-ann Cathel"|"Av 947 No 831 52"|17.995|21.27|"5,938 28,137 29,746"
20783|"21-07-2022"|158377.53|"Rik McSwan"|"St 832 No 967 90"|26.935|19.09|"24,196 12,551 20,518"
20769|"21-07-2022"|149010.7|"Leroi Dinnies"|"Av 459 No 832 88"|25.342|20.27|"25,332 28,189 7,292"
20729|"21-07-2022"|65238.49|"Jonah Rackstraw"|"Av 324 No 832 59"|11.095|17.68|"25,912 21,233 5,884"
20988|"16-07-2022"|40215.938|"Saudra Westmacott"|"St 834 No 918 83"|6.412|9.86|"6,309 11,176 12,087"
20862|"16-07-2022"|102158.01|"Marne Drance"|"Av 490 No 836 12"|16.288|9.04|"8,261 7,257 11,603"
20929|"16-07-2022"|97341.13|"Alexandr Grut"|"Av 834 No 837 56"|15.52|16.19|"29,632 7,125 11,824"
20367|"10-08-2022"|60830.87|"Elora Theobald"|"St 840 No 343 61"|17.735|13.0|"5,61 11,805 21,591"
20998|"16-07-2022"|182351.55|"Binny Klamman"|"St 841 No 838 00"|29.074|16.74|"11,732 20,062 18,428"
20820|"21-07-2022"|126466.83|"Hesther Woolager"|"Av 892 No 841 25"|21.508|17.66|"19,841 22,31 10,833"
20371|"10-08-2022"|90445.41|"Corrianne Fulbrook"|"Av 498 No 843 04"|26.369|20.49|"19,742 25,831 15,909"
20718|"21-07-2022"|116606.08|"Delano Garlee"|"Av 041 No 844 64"|19.831|18.34|"5,105 20,969 28,946"
20284|"20-08-2022"|29319.908|"Merrill Kleanthous"|"St 846 No 854 97"|12.466|27.39|"25,227 27,618 29,314"
20762|"21-07-2022"|149475.22|"Gayle Lathleiffure"|"St 846 No 424 31"|25.421|22.43|"21,424 17,628 28,232"
20064|"30-08-2022"|20162.912|"Dusty Tomaschke"|"St 847 No 052 01"|12.859|22.33|"22,444 24,725 19,818"
20797|"21-07-2022"|159283.05|"Flossy Thewlis"|"St 848 No 809 21"|27.089|14.8|"13,942 11,34 19,125"
20410|"10-08-2022"|46668.445|"Bordy Fathers"|"Av 126 No 848 64"|13.606|16.38|"5,913 25,328 17,908"
20142|"30-08-2022"|17959.871|"Yank Ladbrooke"|"St 849 No 127 50"|11.454|12.99|"10,078 22,091 6,812"
20986|"16-07-2022"|117110.414|"Sibyl Bernardt"|"St 849 No 296 42"|18.672|14.41|"9,782 5,206 28,247"
20959|"16-07-2022"|124737.14|"Janeta Dracksford"|"St 849 No 472 61"|19.888|18.33|"20,742 12,803 21,433"
20948|"16-07-2022"|91589.73|"Leoine Clemenzo"|"Av 985 No 850 02"|14.603|14.15|"7,896 21,896 12,651"
20757|"21-07-2022"|173994.78|"Nissa Mullane"|"Av 711 No 850 85"|29.591|13.13|"22,212 6,476 10,69"
20947|"16-07-2022"|147366.44|"Nadean Gleader"|"St 852 No 116 66"|23.496|21.7|"26,553 11,664 26,897"
20674|"31-07-2022"|109073.72|"Larine Clerk"|"Av 387 No 855 99"|27.825|18.29|"12,877 13,433 28,573"
20427|"10-08-2022"|32351.666|"Margarete Papis"|"St 855 No 466 69"|9.432|13.32|"8,797 20,567 10,61"
20379|"10-08-2022"|56196.957|"Ingmar Scorah"|"Av 609 No 856 56"|16.384|17.51|"17,553 26,114 8,868"
20420|"10-08-2022"|101623.74|"Brodie Germain"|"Av 014 No 856 61"|29.628|11.05|"10,456 16,194 6,488"
20833|"21-07-2022"|103205.586|"Dilan Green"|"St 857 No 583 30"|17.552|20.31|"21,882 20,5 18,535"
20721|"21-07-2022"|148075.78|"Kayne Sandlin"|"Av 721 No 857 89"|25.183|12.59|"15,654 16,982 5,125"
20932|"16-07-2022"|154604.31|"Byran Nuttall"|"St 858 No 604 38"|24.65|19.29|"29,765 21,854 6,236"
20254|"20-08-2022"|50777.113|"Bryn Scad"|"Av 980 No 862 73"|21.589|16.58|"6,366 19,482 23,887"
20236|"20-08-2022"|19806.107|"Octavius Lambot"|"Av 900 No 863 36"|8.421|13.24|"8,823 21,715 9,195"
20643|"31-07-2022"|29576.324|"Vevay Mussilli"|"Av 424 No 864 77"|7.545|14.71|"26,305 5,991 11,835"
20213|"20-08-2022"|30248.943|"Rebeca Trevino"|"St 864 No 143 02"|12.861|7.23|"5,638 8,492 7,558"
20961|"16-07-2022"|100978.875|"Celestine Aspital"|"Av 944 No 865 69"|16.1|21.87|"12,436 28,548 24,639"
20668|"31-07-2022"|57318.094|"Chery Croneen"|"Av 623 No 866 92"|14.622|22.59|"29,726 19,861 18,173"
20663|"31-07-2022"|105067.49|"Tamarah Pichmann"|"Av 637 No 867 14"|26.803|16.21|"23,72 18,421 6,498"
20091|"30-08-2022"|35565.375|"Chas Leale"|"Av 851 No 867 60"|22.682|14.09|"9,579 7,455 25,23"
20985|"16-07-2022"|126436.84|"Alfi Vogele"|"St 869 No 436 21"|20.159|13.92|"13,37 22,25 6,134"
20494|"10-08-2022"|28938.826|"Ron Baldazzi"|"Av 873 No 871 61"|8.437|15.97|"9,687 29,632 8,587"
20753|"21-07-2022"|166650.67|"Rubin Fullun"|"St 872 No 328 06"|28.342|7.37|"7,666 8,053 6,391"
20798|"21-07-2022"|44458.605|"Ranna Lawrance"|"Av 247 No 873 02"|7.561|12.43|"7,369 14,776 15,15"
20268|"20-08-2022"|13919.077|"Saba Gorini"|"St 873 No 394 62"|5.918|16.21|"25,873 8,032 14,721"
20515|"10-08-2022"|38460.477|"Batholomew Philps"|"St 874 No 678 71"|11.213|22.78|"18,261 22,806 27,28"
20896|"16-07-2022"|76066.57|"Vale Marwick"|"St 875 No 857 82"|12.128|16.84|"21,844 9,507 19,174"
20012|"30-08-2022"|16929.695|"Karin Archbald"|"Av 256 No 876 15"|10.797|13.29|"21,813 9,775 8,272"
20209|"20-08-2022"|30324.207|"Kelsi Simenon"|"St 877 No 554 87"|12.893|8.26|"10,294 7,895 6,582"
20062|"30-08-2022"|27780.256|"Yank Primmer"|"Av 704 No 877 10"|17.717|18.16|"26,855 11,706 15,904"
20649|"31-07-2022"|51932.027|"Angus Darragh"|"Av 833 No 878 20"|13.248|20.86|"25,02 27,492 10,061"
20378|"10-08-2022"|81524.0|"Domenico McTurk"|"Av 598 No 878 82"|23.768|14.87|"27,292 10,081 7,225"
20037|"30-08-2022"|10888.192|"Gerry Van Halle"|"Av 743 No 882 69"|6.944|22.53|"19,017 26,006 22,57"
20608|"31-07-2022"|55730.496|"Ernest Spencock"|"St 882 No 699 23"|14.217|13.76|"13,982 15,957 11,344"
20523|"31-07-2022"|116498.18|"Ailene Blinde"|"St 882 No 673 50"|29.719|20.75|"16,174 27,81 18,275"
20237|"20-08-2022"|49330.637|"Evangelin Elmore"|"Av 171 No 882 49"|20.974|13.15|"20,901 8,801 9,761"
20513|"10-08-2022"|99593.19|"Shaine Athey"|"St 883 No 218 17"|29.036|21.23|"24,028 27,448 12,201"
20529|"31-07-2022"|35040.79|"Norman Shakspeare"|"St 883 No 263 20"|8.939|8.7|"6,214 5,536 14,356"
20681|"21-07-2022"|173371.5|"Madel Stuckow"|"St 884 No 916 64"|29.485|12.42|"7,72 15,917 13,621"
20581|"31-07-2022"|46157.883|"Rollin Hartright"|"St 884 No 879 80"|11.775|19.16|"28,121 10,708 18,641"
20726|"21-07-2022"|134945.77|"Neall Crossthwaite"|"Av 761 No 886 26"|22.95|22.87|"28,822 18,016 21,766"
20806|"21-07-2022"|70900.92|"Siusan Palliser"|"St 886 No 255 14"|12.058|11.17|"15,483 7,221 10,811"
20661|"31-07-2022"|43300.21|"Vincenty Cron"|"Av 908 No 888 79"|11.046|18.81|"22,811 26,83 6,782"
20303|"20-08-2022"|41474.992|"Thaddeus Marzele"|"Av 631 No 889 68"|17.634|16.38|"17,401 14,752 16,977"
20334|"20-08-2022"|28299.145|"Osgood Labbett"|"Av 946 No 889 75"|12.032|14.01|"6,12 17,041 18,876"
20787|"21-07-2022"|89728.65|"Mignonne Petrulis"|"Av 794 No 890 65"|15.26|17.63|"10,723 29,767 12,389"
20015|"30-08-2022"|39775.457|"Benito Abilowitz"|"St 890 No 700 51"|25.367|15.8|"27,955 5,649 13,787"
20566|"31-07-2022"|95475.27|"Sheela Kehoe"|"Av 086 No 890 24"|24.356|19.19|"25,683 10,627 21,268"
20330|"20-08-2022"|23503.436|"Muriel Hofton"|"St 891 No 053 60"|9.993|18.09|"24,112 16,225 13,942"
20625|"31-07-2022"|67980.47|"Brinna Nelthropp"|"St 891 No 508 19"|17.342|14.86|"8,512 15,221 20,856"
20018|"30-08-2022"|17887.744|"Cos Blankhorn"|"Av 558 No 893 90"|11.408|15.0|"13,23 15,534 16,233"
20991|"16-07-2022"|117988.484|"Randi Greeves"|"St 893 No 940 81"|18.812|24.63|"15,962 29,495 28,426"
20185|"20-08-2022"|20732.791|"Joann Broad"|"Av 650 No 894 49"|8.815|18.24|"6,102 18,914 29,69"
20315|"20-08-2022"|34663.63|"Edythe Risby"|"St 895 No 534 61"|14.738|26.73|"28 23,182 28,999"
20263|"20-08-2022"|58406.97|"Chan Yanyushkin"|"St 896 No 682 61"|24.833|24.72|"28,966 26,229 18,961"
20861|"16-07-2022"|71268.51|"Mario Oldham"|"St 896 No 057 76"|11.363|19.32|"17,716 10,707 29,529"
20175|"20-08-2022"|49290.656|"Tanney Castellini"|"St 901 No 204 29"|20.957|24.39|"28,276 29,283 15,603"
20605|"31-07-2022"|41979.17|"Gaston Gleader"|"St 901 No 265 65"|10.709|15.73|"15,793 18,853 12,536"
20658|"31-07-2022"|94256.16|"Gusella Elmhurst"|"Av 621 No 903 63"|24.045|19.38|"19,256 14,681 24,203"
20920|"16-07-2022"|119669.375|"Alyssa Gaffon"|"St 904 No 206 38"|19.08|14.38|"16,189 20,803 6,149"
20489|"10-08-2022"|56560.535|"Arlan Mechell"|"St 905 No 837 99"|16.49|9.29|"12,749 7,87 7,265"
20873|"16-07-2022"|107765.164|"Douglass Rafter"|"St 906 No 429 28"|17.182|20.24|"18,094 29,674 12,954"
20874|"16-07-2022"|176499.8|"Avery Menel"|"St 907 No 873 91"|28.141|11.35|"19,484 8,458 6,115"
20682|"21-07-2022"|53043.39|"Herve Dominico"|"Av 897 No 907 40"|9.021|21.34|"29,094 18,06 16,877"
20967|"16-07-2022"|105262.64|"April Roake"|"St 908 No 363 62"|16.783|11.31|"13,844 8,563 11,53"
20119|"30-08-2022"|29633.633|"Clayson Gaskall"|"Av 790 No 909 41"|18.899|17.9|"12,04 22,809 18,861"
20358|"10-08-2022"|49690.266|"Stephan Ottley"|"Av 391 No 910 04"|14.487|12.71|"6,112 12,998 19,021"
20927|"16-07-2022"|155275.4|"Drusie Whall"|"St 911 No 757 56"|24.757|18.2|"6,026 29,029 19,539"
20109|"30-08-2022"|38679.426|"Liz Crisall"|"Av 682 No 912 75"|24.668|21.71|"18,977 21,813 24,345"
20328|"20-08-2022"|64834.957|"Laverna Overstone"|"Av 157 No 913 29"|27.566|20.43|"29,183 20,204 11,916"
20184|"20-08-2022"|60977.69|"Tiffani Morde"|"St 913 No 160 75"|25.926|12.46|"6,243 11,697 19,454"
20855|"16-07-2022"|110869.79|"Drud Spavon"|"St 913 No 167 17"|17.677|18.46|"9,637 23,086 22,663"
20936|"16-07-2022"|139062.34|"Milka Bowyer"|"Av 927 No 913 50"|22.172|15.41|"14,11 7,914 24,195"
20960|"16-07-2022"|183637.3|"Germain Eyckelberg"|"St 914 No 662 20"|29.279|13.46|"10,548 13,602 16,22"
20485|"10-08-2022"|53096.246|"Braden Upstell"|"Av 581 No 916 35"|15.48|9.71|"8,309 7,887 12,93"
20448|"10-08-2022"|19791.043|"Janaye Copnar"|"Av 240 No 916 46"|5.77|21.75|"24,205 15,045 25,988"
20094|"30-08-2022"|33183.586|"Fanechka Eleshenar"|"St 919 No 777 51"|21.163|14.34|"13,979 15,117 13,928"
20657|"31-07-2022"|61336.082|"Missy Muino"|"Av 997 No 919 13"|15.647|13.69|"7,181 26,651 7,251"
20375|"10-08-2022"|62322.918|"Nester Julyan"|"Av 949 No 920 69"|18.17|16.53|"15,85 14,141 19,601"
20940|"16-07-2022"|107344.94|"Genevieve Reasun"|"Av 346 No 920 54"|17.115|15.86|"6,892 11,507 29,166"
20741|"21-07-2022"|38372.816|"Lari Darbon"|"St 921 No 727 67"|6.526|17.48|"26,276 17,696 8,471"
20928|"16-07-2022"|173871.83|"Selestina Ramsier"|"St 922 No 314 05"|27.722|16.08|"15,373 19,546 13,327"
20054|"30-08-2022"|8059.52|"Peria Ranken"|"St 923 No 716 19"|5.14|19.11|"11,017 17,672 28,647"
20093|"30-08-2022"|28399.615|"Karita Jordin"|"Av 785 No 923 19"|18.112|17.77|"17,722 25,098 10,486"
20436|"10-08-2022"|77658.41|"Darren Spreull"|"Av 616 No 924 85"|22.641|12.87|"10,076 18,988 9,542"
20218|"20-08-2022"|59495.938|"Rayna Dilrew"|"St 926 No 216 72"|25.296|16.15|"16,57 6,839 25,042"
20946|"16-07-2022"|121852.03|"Hussein Goldthorp"|"St 928 No 396 30"|19.428|14.68|"19,081 13,098 11,852"
20926|"16-07-2022"|161578.75|"Chere Densun"|"Av 375 No 928 68"|25.762|10.6|"14,831 8,472 8,497"
20628|"31-07-2022"|89105.29|"Alaster Gothard"|"Av 988 No 929 50"|22.731|17.3|"15,098 17,946 18,862"
20066|"30-08-2022"|29481.535|"Kleon Eiler"|"Av 277 No 930 00"|18.802|14.84|"19,562 12,649 12,3"
20353|"20-08-2022"|37751.793|"Breanne Cowing"|"St 931 No 801 40"|16.051|13.97|"7,887 19,011 15,019"
20361|"10-08-2022"|30468.602|"Celesta Spurdens"|"St 933 No 272 92"|8.883|10.7|"13,151 5,936 13"
20495|"10-08-2022"|76872.94|"Desi Parkes"|"St 936 No 430 70"|22.412|13.99|"5,177 22,883 13,919"
20624|"31-07-2022"|24111.86|"Hansiain Lupton"|"St 937 No 849 19"|6.151|22.4|"12,486 26,008 28,718"
20517|"10-08-2022"|47121.203|"Ariana Vossing"|"St 938 No 550 14"|13.738|15.65|"10,303 10,877 25,761"
20319|"20-08-2022"|22687.295|"Nikolaos Swatridge"|"St 939 No 739 62"|9.646|23.42|"23,592 20,295 26,374"
20774|"21-07-2022"|101853.19|"Junia Crosetti"|"Av 157 No 940 47"|17.322|18.65|"21,385 20,942 13,623"
20383|"10-08-2022"|22277.785|"Cecily Fanti"|"St 941 No 450 86"|6.495|22.85|"22,6 22,206 23,732"
20656|"31-07-2022"|87666.66|"Shelly Philipart"|"Av 417 No 943 95"|22.364|16.7|"15,515 23,277 11,302"
20456|"10-08-2022"|26043.914|"Matelda Handy"|"St 944 No 798 32"|7.593|14.39|"11,235 12,471 19,45"
20180|"20-08-2022"|34682.445|"Robina Kelshaw"|"Av 017 No 945 60"|14.746|18.26|"23,742 5,634 25,395"
20552|"31-07-2022"|70050.22|"Lou Carsberg"|"St 946 No 345 96"|17.87|25.79|"28,78 19,352 29,247"
20908|"16-07-2022"|66928.3|"Robert Chstney"|"Av 316 No 946 17"|10.671|17.26|"9,157 13,836 28,8"
20892|"16-07-2022"|178111.69|"Dore Ravenscraft"|"Av 178 No 946 07"|28.398|20.24|"23,461 11,471 25,802"
20407|"10-08-2022"|59901.344|"Elden Tieman"|"Av 783 No 951 11"|17.464|14.86|"26,846 9,138 8,585"
20132|"30-08-2022"|28060.928|"Dunstan Haygreen"|"St 951 No 908 97"|17.896|16.0|"14,503 24,902 8,604"
20460|"10-08-2022"|30876.77|"Ros Elves"|"Av 027 No 953 15"|9.002|17.33|"18,964 18,997 14,035"
20167|"30-08-2022"|15574.944|"Ashton Herety"|"St 953 No 388 55"|9.933|20.01|"28,594 15,333 16,102"
20433|"10-08-2022"|74838.95|"Ali Claiton"|"Av 900 No 953 39"|21.819|20.77|"8,504 26,318 27,473"
20240|"20-08-2022"|25206.277|"Berky Mallabon"|"St 956 No 271 30"|10.717|20.14|"21,792 26,366 12,252"
20505|"10-08-2022"|92297.6|"Dory Indgs"|"Av 270 No 957 94"|26.909|11.6|"7,514 9,702 17,582"
20982|"16-07-2022"|75207.31|"Pamella Craigmile"|"St 958 No 914 01"|11.991|22.63|"16,487 25,2 26,198"
20699|"21-07-2022"|79520.984|"Laney Nutt"|"St 959 No 344 02"|13.524|12.5|"8,723 21,81 6,957"
20258|"20-08-2022"|63355.555|"Aloisia Willgress"|"St 959 No 428 53"|26.937|15.52|"14,006 22,173 10,383"
20384|"10-08-2022"|60124.293|"Tull Knagges"|"Av 476 No 960 18"|17.529|16.99|"20,934 14,408 15,625"
20295|"20-08-2022"|52606.96|"Page O'Lagene"|"St 960 No 148 93"|22.367|18.85|"17,355 14,121 25,078"
20794|"21-07-2022"|42765.168|"Westbrook Tomblings"|"St 961 No 875 76"|7.273|19.01|"21,532 17,383 18,111"
20191|"20-08-2022"|42293.484|"Maurene Cohr"|"Av 752 No 962 09"|17.982|18.86|"12,175 27,326 17,093"
20080|"30-08-2022"|9179.072|"Anabel Hixley"|"St 963 No 176 23"|5.854|20.41|"10,665 23,082 27,477"
20287|"20-08-2022"|59505.348|"Sholom Ivermee"|"St 963 No 398 11"|25.3|12.7|"20,807 12,096 5,211"
20736|"21-07-2022"|120569.195|"Cordey Lowery"|"St 963 No 531 02"|20.505|22.19|"20,699 26,791 19,076"
20197|"20-08-2022"|56452.465|"Lynn Plaskitt"|"Av 860 No 969 21"|24.002|18.91|"28,357 22,774 5,586"
20989|"16-07-2022"|100809.53|"Murielle Beswick"|"Av 633 No 970 82"|16.073|23.99|"26,959 25,002 19,995"
20875|"16-07-2022"|61239.613|"Winnifred Feldmann"|"St 970 No 325 18"|9.764|17.83|"29,409 17,952 6,114"
20249|"20-08-2022"|68539.34|"Jabez Wadly"|"Av 283 No 971 78"|29.141|16.77|"16,421 25,936 7,962"
20738|"21-07-2022"|114900.88|"Susanetta Flack"|"Av 492 No 971 55"|19.541|16.57|"6,126 20,456 23,136"
20159|"30-08-2022"|17036.32|"Randie Kedwell"|"Av 588 No 972 71"|10.865|19.57|"10,967 21,001 26,728"
20470|"10-08-2022"|21235.068|"Christan Davion"|"St 973 No 830 99"|6.191|9.43|"6,413 14,561 7,321"
20262|"20-08-2022"|21097.35|"Heriberto Dwine"|"St 973 No 876 84"|8.97|17.72|"23,707 11,511 17,944"
20645|"31-07-2022"|40560.137|"Evvy Kitchenman"|"St 973 No 980 43"|10.347|15.09|"19,922 5,019 20,335"
20475|"10-08-2022"|55143.95|"Sloan Horsell"|"St 974 No 742 43"|16.077|21.33|"23,757 10,413 29,831"
20810|"21-07-2022"|46928.2|"Lilli Bowsher"|"St 977 No 254 24"|7.981|12.98|"20,055 6,078 12,799"
20362|"10-08-2022"|91258.31|"Kikelia Klein"|"St 977 No 598 64"|26.606|13.47|"11,403 7,078 21,94"
20332|"20-08-2022"|43819.926|"Ethelyn Miguet"|"Av 918 No 977 92"|18.631|19.64|"13,852 22,776 22,298"
20273|"20-08-2022"|12270.332|"Brendon Gann"|"Av 162 No 979 80"|5.217|14.74|"7,247 28,052 8,928"
20009|"30-08-2022"|40004.383|"Torre Steptoe"|"St 979 No 418 99"|25.513|20.21|"15,266 15,484 29,894"
20071|"30-08-2022"|30623.04|"Therese Hebditch"|"Av 850 No 979 30"|19.53|20.01|"28,77 8,71 22,543"
20017|"30-08-2022"|38566.527|"Angy Cordobes"|"Av 925 No 980 15"|24.596|22.03|"19,581 23,302 23,203"
20270|"20-08-2022"|65048.99|"Parry Whitton"|"Av 901 No 980 17"|27.657|20.93|"27,584 26,8 8,416"
20851|"16-07-2022"|96199.63|"Charis Proby"|"St 980 No 826 02"|15.338|11.9|"19,759 9,339 6,6"
20041|"30-08-2022"|45586.465|"Denyse McCardle"|"Av 387 No 980 11"|29.073|15.09|"14,422 24,462 6,385"
20477|"10-08-2022"|83496.25|"Heidi Duns"|"Av 510 No 982 71"|24.343|22.62|"20,02 25,318 22,522"
20178|"20-08-2022"|26570.432|"Godfree Gladbeck"|"St 983 No 593 45"|11.297|19.07|"18,981 14,297 23,933"
20161|"30-08-2022"|34416.03|"Alexis Raitie"|"Av 648 No 984 24"|21.949|20.51|"28,784 21,588 11,156"
20690|"21-07-2022"|141631.31|"Erinn Coster"|"Av 928 No 986 27"|24.087|18.06|"12,973 23,884 17,314"
20931|"16-07-2022"|126129.516|"Annabela Ledley"|"St 986 No 006 22"|20.11|23.4|"21,364 23,325 25,497"
20116|"30-08-2022"|30251.424|"Der Matys"|"Av 002 No 986 34"|19.293|12.57|"8,934 14,621 14,143"
20972|"16-07-2022"|108800.04|"Ruddy Vaskov"|"Av 130 No 987 99"|17.347|17.4|"10,301 19,742 22,164"
20162|"30-08-2022"|39640.61|"Fulvia Mattioli"|"Av 666 No 987 61"|25.281|14.96|"14,423 9,708 20,763"
20196|"20-08-2022"|59364.227|"Papagena De Normanville"|"Av 986 No 987 79"|25.24|20.26|"23,579 8,988 28,207"
20768|"21-07-2022"|158107.05|"Esther Maudlen"|"St 989 No 413 01"|26.889|21.46|"15,672 26,068 22,647"
20886|"16-07-2022"|139758.53|"Elianore Sparkwell"|"Av 704 No 990 10"|22.283|22.4|"18,376 24,098 24,732"
20553|"31-07-2022"|45264.125|"Dominica Bramhall"|"St 990 No 703 45"|11.547|15.43|"10,777 5,565 29,94"
20135|"30-08-2022"|16768.191|"Cristi Treversh"|"Av 172 No 990 21"|10.694|21.34|"25,645 18,596 19,785"
20152|"30-08-2022"|13950.496|"Codee Jiru"|"Av 265 No 993 61"|8.897|19.34|"18,059 27,099 12,857"
20704|"21-07-2022"|120134.08|"Noelyn Fierman"|"Av 391 No 994 40"|20.431|10.79|"12,146 8,934 11,295"
20913|"16-07-2022"|59445.83|"Jordan Topp"|"St 994 No 192 48"|9.478|14.61|"15,123 12,151 16,553"
20686|"21-07-2022"|43429.605|"Burnaby Shevels"|"St 995 No 250 67"|7.386|17.55|"17,302 27,686 7,661"
20232|"20-08-2022"|13025.32|"Abagail Mainwaring"|"St 996 No 749 39"|5.538|16.41|"7,513 23,044 18,678"
20878|"16-07-2022"|183587.12|"Khalil Kinchlea"|"St 996 No 548 58"|29.271|23.4|"29,485 11,874 28,836"
20620|"31-07-2022"|105851.49|"Cammie Urwen"|"St 996 No 424 59"|27.003|19.7|"28,262 17,741 13,088"
20890|"16-07-2022"|39776.9|"Quinton Jell"|"St 997 No 865 94"|6.342|25.03|"24,967 29,509 20,628"
