"id"|"paymentDue"|"amount"|"name"|"address"|"consumption"|"avgConsumption"
10862|"31-12-2022"|9566.368|"Emory Collough"|"St 000 No 982 99"|6.101|16.05
10702|"21-11-2022"|29482.27|"Yoshi Tims"|"St 000 No 396 19"|5.014|14.75
10254|"31-12-2022"|43642.145|"Caryn McCoish"|"Av 217 No 000 57"|27.833|18.24
10267|"01-12-2022"|49446.754|"Vail Devote"|"Av 552 No 002 93"|12.614|13.6
10501|"21-11-2022"|171166.52|"Kinsley de Vaen"|"Av 077 No 003 44"|29.11|19.79
10745|"31-12-2022"|11476.192|"Rogerio Ebbers"|"St 003 No 736 07"|7.319|17.27
10617|"31-12-2022"|29067.584|"Ingelbert Udall"|"St 004 No 837 34"|18.538|18.89
10733|"21-12-2022"|59827.57|"Joceline Rucklesse"|"St 005 No 439 08"|25.437|17.44
10706|"11-12-2022"|20569.65|"Louisa Ringsell"|"St 005 No 603 51"|5.997|17.6
10887|"11-12-2022"|86308.836|"Aubert Casbon"|"St 006 No 366 37"|25.163|22.85
10258|"21-11-2022"|131888.17|"Allene Ewer"|"Av 129 No 007 42"|22.43|16.83
10425|"01-12-2022"|37624.062|"Ellyn Postin"|"Av 545 No 007 08"|9.598|17.72
10214|"01-12-2022"|41379.414|"Michele Cringle"|"Av 692 No 008 53"|10.556|17.49
10037|"11-12-2022"|75271.13|"Tina McCerery"|"St 008 No 318 59"|21.945|18.13
10527|"21-12-2022"|13954.356|"Sibylla Ridger"|"Av 298 No 008 42"|5.933|12.83
10753|"21-12-2022"|61695.05|"Tucky Duetsche"|"St 011 No 138 94"|26.231|18.07
10837|"21-12-2022"|26742.127|"Allene Brand-Hardy"|"St 011 No 669 97"|11.37|16.23
10552|"21-11-2022"|105451.74|"Mason Blackborough"|"St 012 No 469 45"|17.934|15.91
10658|"01-12-2022"|81371.16|"Mildred M'Chirrie"|"St 014 No 545 09"|20.758|14.8
10928|"21-12-2022"|68741.61|"Binnie Schwant"|"St 015 No 891 66"|29.227|21.62
10186|"31-12-2022"|11733.344|"Beverlee Peers"|"Av 485 No 018 66"|7.483|18.12
10680|"21-11-2022"|70724.52|"Noelani Bennell"|"St 018 No 192 81"|12.028|14.75
10075|"16-11-2022"|176744.39|"Sylvester Heffernan"|"Av 714 No 019 36"|28.18|18.57
10854|"11-12-2022"|85619.414|"Vicky Ponder"|"St 019 No 808 95"|24.962|18.23
10246|"01-12-2022"|110610.36|"Korey Cereceres"|"Av 251 No 021 92"|28.217|17.66
10004|"21-11-2022"|104452.14|"Rod Waghorne"|"St 029 No 845 99"|17.764|20.12
10549|"21-12-2022"|39075.96|"Lil Latchmore"|"St 031 No 181 33"|16.614|20.03
10997|"11-12-2022"|79754.125|"Constancy Himpson"|"St 032 No 571 65"|23.252|18.96
10964|"21-12-2022"|49182.46|"Rasla Francino"|"St 032 No 159 30"|20.911|18.05
10163|"21-11-2022"|39613.492|"Ricky Coleyshaw"|"Av 052 No 033 40"|6.737|17.2
10006|"31-12-2022"|19935.553|"Obie Tanti"|"St 033 No 068 01"|12.714|18.33
10008|"21-11-2022"|81837.7|"Elsey Gronno"|"St 035 No 685 49"|13.918|18.76
10742|"11-12-2022"|37318.293|"Clarie Boyall"|"St 036 No 175 88"|10.88|16.78
10112|"16-11-2022"|106793.0|"Bartholomeus Benger"|"Av 595 No 038 24"|17.027|19.71
10727|"11-12-2022"|56142.08|"Alidia Lawden"|"St 038 No 135 09"|16.368|19.38
10709|"31-12-2022"|15200.192|"Howie Jeeks"|"St 039 No 048 30"|9.694|16.68
10838|"11-12-2022"|99792.13|"Cornall Elverstone"|"St 039 No 424 67"|29.094|20.04
10445|"31-12-2022"|43867.938|"Nannie Lernihan"|"Av 705 No 039 48"|27.977|20.92
10137|"16-11-2022"|103638.195|"Kessia Von Oertzen"|"Av 258 No 041 08"|16.524|17.86
10100|"11-12-2022"|78131.74|"Ranice Tidmarsh"|"Av 464 No 042 42"|22.779|22.36
10064|"16-11-2022"|146112.05|"Brion Wille"|"Av 439 No 044 54"|23.296|15.75
10676|"21-12-2022"|40482.453|"Talbot Pray"|"St 044 No 388 89"|17.212|15.22
10456|"21-12-2022"|61648.01|"Gloriane Seccombe"|"Av 788 No 045 90"|26.211|15.89
10570|"11-12-2022"|72040.08|"Raimundo Fadden"|"St 047 No 198 25"|21.003|18.07
10981|"21-12-2022"|31798.904|"Hagan De Filippi"|"St 047 No 302 84"|13.52|18.28
10370|"21-12-2022"|43088.457|"Kora Walhedd"|"Av 587 No 047 40"|18.32|20.12
10949|"21-12-2022"|53503.07|"Dwight Corteney"|"St 047 No 877 96"|22.748|18.22
10930|"11-12-2022"|55545.258|"Charity Gayton"|"St 048 No 678 81"|16.194|15.14
10376|"11-12-2022"|100056.24|"Tatiania Giacubo"|"Av 421 No 048 32"|29.171|18.24
10914|"16-11-2022"|172579.8|"Stephani Snoxill"|"St 049 No 492 55"|27.516|17.27
10843|"21-11-2022"|149551.67|"Court Vampouille"|"St 050 No 248 54"|25.434|20.07
10081|"21-11-2022"|33486.543|"Giselle Dashkov"|"Av 888 No 052 91"|5.695|13.98
10178|"16-11-2022"|68352.04|"Torrie Thebeau"|"Av 157 No 052 29"|10.898|14.78
10813|"31-12-2022"|32465.44|"Kamilah Kyne"|"St 054 No 675 20"|20.705|15.97
10048|"31-12-2022"|12816.832|"Shirlee Laherty"|"Av 020 No 056 90"|8.174|18.91
10407|"16-11-2022"|63221.56|"Jobye Southgate"|"Av 587 No 057 82"|10.08|17.79
10648|"21-12-2022"|27111.389|"Sybyl Keme"|"St 058 No 994 77"|11.527|18.64
10069|"01-12-2022"|71081.18|"Farly Foucar"|"Av 659 No 059 94"|18.133|23.02
10893|"21-12-2022"|32090.55|"Duncan Sylett"|"St 060 No 416 67"|13.644|16.42
10266|"21-12-2022"|19387.453|"Rodrick Ashbee"|"Av 278 No 060 38"|8.243|13.99
10347|"11-12-2022"|69848.31|"Karol Pritchard"|"Av 654 No 062 78"|20.364|18.34
10592|"31-12-2022"|34185.535|"Bernarr Titman"|"St 063 No 688 63"|21.802|17.49
10749|"21-11-2022"|55424.785|"Yvon Currm"|"St 064 No 330 52"|9.426|17.52
10138|"16-11-2022"|115937.55|"Marve Armitt"|"Av 278 No 064 39"|18.485|17.66
10474|"16-11-2022"|41790.203|"Pryce Grewar"|"Av 895 No 066 88"|6.663|16.6
10857|"11-12-2022"|78286.09|"Mei Mechi"|"St 067 No 815 48"|22.824|19.02
10543|"11-12-2022"|29707.143|"Caye Rice"|"Av 598 No 069 20"|8.661|20.12
10662|"01-12-2022"|35232.87|"Herb Feldmark"|"St 069 No 642 56"|8.988|17.4
10945|"11-12-2022"|92657.75|"Addie Kenlin"|"St 072 No 894 99"|27.014|20.91
10693|"11-12-2022"|102220.56|"Jane Keneford"|"St 072 No 853 68"|29.802|19.31
10737|"21-11-2022"|109550.09|"Elbert Springer"|"St 074 No 377 60"|18.631|19.5
10650|"31-12-2022"|14853.664|"Gleda Wornum"|"St 075 No 031 11"|9.473|17.16
10629|"21-11-2022"|145782.6|"Mead Freke"|"St 079 No 138 93"|24.793|16.8
10504|"16-11-2022"|72698.52|"Cilka Ricket"|"Av 660 No 079 47"|11.591|16.66
10806|"16-11-2022"|157790.47|"Amabelle Langrick"|"St 080 No 988 83"|25.158|18.29
10564|"21-12-2022"|37453.09|"Tann Dysert"|"St 080 No 639 18"|15.924|20.53
10429|"21-12-2022"|55464.63|"Kipper Madine"|"Av 181 No 081 38"|23.582|19.66
10071|"21-12-2022"|60787.18|"Moshe Braunston"|"Av 137 No 085 00"|25.845|19.18
10199|"21-11-2022"|76087.07|"Wyndham Bing"|"Av 152 No 085 70"|12.94|15.96
10344|"01-12-2022"|27953.45|"Chancey Heffernon"|"Av 495 No 085 54"|7.131|14.67
10971|"31-12-2022"|34376.832|"Donnell Wren"|"St 086 No 856 18"|21.924|18.86
10366|"01-12-2022"|34868.312|"Isadore Laible"|"Av 881 No 087 28"|8.895|17.51
10823|"21-11-2022"|89452.29|"Carroll Beall"|"St 088 No 796 94"|15.213|18.27
10670|"21-11-2022"|81943.54|"Lizzie Guiso"|"St 089 No 566 63"|13.936|19.21
10512|"21-12-2022"|22722.576|"Caryl Aireton"|"Av 486 No 095 92"|9.661|18.43
10845|"16-11-2022"|67229.35|"Oby Shearmer"|"St 097 No 238 26"|10.719|15.91
10191|"31-12-2022"|45228.96|"Cristine Tabner"|"Av 896 No 097 72"|28.845|18.96
10514|"21-12-2022"|34315.535|"Tyson MacCartan"|"Av 842 No 098 95"|14.59|18.02
10031|"21-11-2022"|104910.78|"Tonya Glowacz"|"St 098 No 764 69"|17.842|19.94
10991|"16-11-2022"|139294.4|"Cody Osbiston"|"St 098 No 397 27"|22.209|19.47
10019|"16-11-2022"|66689.96|"Blayne Yedall"|"St 099 No 420 43"|10.633|17.94
10583|"31-12-2022"|40600.223|"Kennedy Randleson"|"St 099 No 550 31"|25.893|17.28
10831|"16-11-2022"|31591.963|"Shaylah Hurst"|"St 100 No 211 52"|5.037|16.48
10569|"21-11-2022"|66449.766|"Reena Churly"|"St 102 No 436 00"|11.301|21.25
10560|"11-12-2022"|82686.766|"Elise Meffen"|"St 102 No 232 67"|24.107|20.82
10909|"01-12-2022"|92633.28|"Baudoin Chapelhow"|"St 104 No 961 10"|23.631|16.76
10872|"21-11-2022"|37784.816|"Daile Rodd"|"St 104 No 201 50"|6.426|15.56
10030|"21-12-2022"|41162.176|"Rhianna Revell"|"St 104 No 111 13"|17.501|17.02
10447|"21-12-2022"|15231.487|"Trude Crunden"|"Av 824 No 106 41"|6.476|17.29
10218|"11-12-2022"|96420.445|"Gael Camilli"|"Av 379 No 106 60"|28.111|18.79
10471|"01-12-2022"|48462.836|"Wilhelm Tacon"|"Av 075 No 106 25"|12.363|19.41
10238|"16-11-2022"|34646.418|"Magdalen Stickels"|"Av 945 No 107 25"|5.524|16.28
10985|"11-12-2022"|31315.809|"Oneida Sprasen"|"St 108 No 305 95"|9.13|19.86
10473|"21-11-2022"|162240.69|"Ealasaid Leabeater"|"Av 151 No 109 03"|27.592|17.49
10815|"16-11-2022"|82075.13|"Earvin Pleager"|"St 110 No 176 93"|13.086|17.34
10492|"21-12-2022"|70463.266|"Sam Dallosso"|"Av 405 No 111 14"|29.959|17.1
10777|"11-12-2022"|69433.29|"Tabbie Bucktrout"|"St 112 No 493 63"|20.243|20.02
10271|"16-11-2022"|154322.06|"Jdavie Eke"|"Av 057 No 112 27"|24.605|15.58
10046|"31-12-2022"|10348.8|"Leela Mathonnet"|"Av 496 No 113 77"|6.6|15.42
10518|"21-12-2022"|13963.765|"Bogey Dougan"|"Av 457 No 115 51"|5.937|17.36
10509|"01-12-2022"|87502.016|"Ofella Galia"|"Av 215 No 117 54"|22.322|16.2
10430|"31-12-2022"|35088.703|"Damien Cantillion"|"Av 854 No 117 04"|22.378|17.26
10534|"11-12-2022"|71103.695|"Adolph Gronav"|"Av 092 No 119 53"|20.73|15.73
10345|"11-12-2022"|78821.17|"Mavis Chevis"|"Av 123 No 119 44"|22.98|16.5
11000|"31-12-2022"|40567.297|"Kalil Albiston"|"St 119 No 999 92"|25.872|19.66
10130|"16-11-2022"|36245.773|"Ilse Calyton"|"Av 220 No 120 40"|5.779|15.36
10789|"31-12-2022"|15131.2|"Trumaine MacAless"|"St 122 No 567 27"|9.65|16.9
10884|"01-12-2022"|41238.293|"Tania Burns"|"St 122 No 501 96"|10.52|16.6
10475|"31-12-2022"|37401.504|"Jeni Collings"|"Av 048 No 122 89"|23.853|16.13
10328|"21-12-2022"|27988.682|"Delcine Crone"|"Av 017 No 125 99"|11.9|19.76
10770|"21-11-2022"|157325.02|"Serge Stenbridge"|"St 125 No 182 87"|26.756|18.53
10597|"21-12-2022"|45235.824|"Carlin McCurdy"|"St 125 No 464 93"|19.233|17.43
10360|"11-12-2022"|44641.32|"Gallard Graalman"|"Av 932 No 127 37"|13.015|18.35
10919|"21-12-2022"|27544.154|"Haily Blaxlande"|"St 130 No 004 89"|11.711|16.63
10780|"11-12-2022"|63183.848|"Gabe Warrener"|"St 133 No 078 79"|18.421|19.07
10248|"01-12-2022"|75142.29|"Dorena Semaine"|"Av 615 No 134 89"|19.169|17.3
10782|"11-12-2022"|86967.4|"Marris Wiffler"|"St 136 No 105 09"|25.355|18.46
10566|"21-11-2022"|160941.2|"Felecia Reynoollds"|"St 137 No 561 65"|27.371|18.85
10408|"01-12-2022"|95882.95|"Breena Winspeare"|"Av 025 No 138 80"|24.46|16.85
10664|"31-12-2022"|31013.473|"Marni Bennough"|"St 139 No 241 52"|19.779|22.47
10494|"31-12-2022"|28586.207|"Zacharias Hadden"|"Av 778 No 140 45"|18.231|15.78
10320|"01-12-2022"|94942.16|"Huberto Aronow"|"Av 183 No 140 57"|24.22|16.33
10459|"01-12-2022"|114949.79|"Johanna Tempest"|"Av 016 No 141 20"|29.324|18.24
10353|"21-12-2022"|31742.457|"Charity Haythornthwaite"|"Av 028 No 141 13"|13.496|18.17
10020|"21-12-2022"|34183.824|"Rosaleen Flewan"|"St 141 No 338 70"|14.534|16.24
10760|"11-12-2022"|22284.645|"Perla Batteson"|"St 141 No 420 28"|6.497|18.69
10523|"16-11-2022"|140247.75|"Hesther Coddrington"|"Av 598 No 142 87"|22.361|18.29
10793|"21-12-2022"|44031.605|"Meier Gayforth"|"St 143 No 711 90"|18.721|19.94
10957|"16-11-2022"|149216.67|"Kirstyn Jickles"|"St 146 No 266 80"|23.791|20.9
10529|"16-11-2022"|131285.08|"Jonell Blaszkiewicz"|"Av 368 No 147 43"|20.932|20.06
10731|"21-12-2022"|47990.004|"Kristi Gellately"|"St 147 No 471 89"|20.404|18.61
10903|"01-12-2022"|115428.02|"Wilone Penhearow"|"St 147 No 821 65"|29.446|19.45
10612|"01-12-2022"|82629.47|"Jae Broadbridge"|"St 148 No 087 81"|21.079|15.78
10651|"11-12-2022"|56903.535|"Mikol Bibby"|"St 149 No 933 54"|16.59|16.87
10061|"11-12-2022"|55696.176|"Daphne Mayers"|"Av 609 No 150 55"|16.238|15.71
10372|"16-11-2022"|115837.195|"Ashleigh Bilbey"|"Av 371 No 151 26"|18.469|18.48
10340|"11-12-2022"|23481.71|"Josias Picardo"|"Av 949 No 151 71"|6.846|16.41
10653|"31-12-2022"|39247.04|"Priscilla Martyntsev"|"St 155 No 420 64"|25.03|17.26
10531|"21-11-2022"|35197.62|"Gaby Meeus"|"Av 524 No 155 53"|5.986|12.43
10001|"31-12-2022"|22673.28|"Gaultiero Bumphrey"|"St 157 No 569 34"|14.46|13.38
10899|"16-11-2022"|93427.414|"Gerek Talks"|"St 158 No 337 07"|14.896|18.95
10484|"01-12-2022"|72006.3|"Binni Sworne"|"Av 022 No 158 11"|18.369|13.35
10972|"21-12-2022"|25293.3|"Wesley Braunroth"|"St 162 No 053 47"|10.754|16.45
10476|"11-12-2022"|27937.268|"Rica Boffin"|"Av 650 No 163 73"|8.145|15.11
10458|"21-11-2022"|87999.93|"Dixie Giovannelli"|"Av 623 No 164 72"|14.966|19.1
10931|"01-12-2022"|43715.727|"Grantley Ganter"|"St 165 No 485 02"|11.152|14.27
10555|"21-11-2022"|147399.6|"Lisha Fronks"|"St 166 No 605 48"|25.068|19.93
10525|"21-12-2022"|55231.78|"Corbin Cluett"|"Av 280 No 166 16"|23.483|21.5
10915|"21-11-2022"|66796.69|"Rosie Yanshin"|"St 170 No 653 62"|11.36|14.6
10522|"21-12-2022"|44821.875|"Caz Beretta"|"Av 278 No 170 74"|19.057|21.79
10217|"31-12-2022"|31124.8|"Gerta Dybell"|"Av 968 No 172 18"|19.85|19.07
10479|"21-11-2022"|169484.83|"Maighdiln Trevallion"|"Av 488 No 172 24"|28.824|16.53
10801|"01-12-2022"|26256.094|"Griff Rubinfajn"|"St 173 No 486 96"|6.698|19.43
10364|"31-12-2022"|12526.752|"Burty Slite"|"Av 950 No 176 45"|7.989|19.7
10986|"31-12-2022"|39126.305|"Stephi Healey"|"St 176 No 230 54"|24.953|19.75
10357|"01-12-2022"|101739.42|"Sterne Banaszkiewicz"|"Av 222 No 177 91"|25.954|19.35
10911|"11-12-2022"|48428.027|"Hanny Grayshan"|"St 181 No 001 37"|14.119|19.32
10123|"01-12-2022"|105071.414|"Frasquito Weitzel"|"Av 255 No 182 01"|26.804|20.14
10236|"21-12-2022"|55361.14|"Yoshiko Eadington"|"Av 341 No 183 74"|23.538|15.72
10082|"01-12-2022"|24539.137|"Berthe Clempton"|"Av 415 No 183 70"|6.26|18.1
10800|"31-12-2022"|45793.44|"Cary Ickovicz"|"St 183 No 548 03"|29.205|17.86
10574|"16-11-2022"|136553.55|"Ozzy Raison"|"St 183 No 965 18"|21.772|21.57
10045|"01-12-2022"|91704.24|"Arleyne Leheude"|"St 184 No 843 70"|23.394|23.25
10086|"01-12-2022"|22124.424|"Esther Albarez"|"Av 706 No 184 19"|5.644|19.65
10613|"21-12-2022"|67937.234|"Cliff Pridmore"|"St 184 No 649 93"|28.885|18.21
10454|"21-11-2022"|67872.73|"Cathi Abdee"|"Av 012 No 185 55"|11.543|17.66
10993|"21-12-2022"|27861.674|"Cesaro Hinstridge"|"St 185 No 068 74"|11.846|17.46
10439|"31-12-2022"|22855.168|"Yoko Hehl"|"Av 637 No 186 91"|14.576|18.97
10243|"11-12-2022"|22867.744|"Roger McLurg"|"Av 185 No 188 43"|6.667|18.74
10755|"21-12-2022"|25838.963|"Shane Ivanikhin"|"St 192 No 046 80"|10.986|15.72
10418|"16-11-2022"|53826.133|"Nappie Baggs"|"Av 016 No 193 40"|8.582|15.82
10084|"31-12-2022"|39123.168|"Reggi Huyge"|"Av 796 No 195 06"|24.951|16.5
10533|"21-12-2022"|53921.723|"Melisande Float"|"Av 193 No 196 70"|22.926|13.72
10125|"01-12-2022"|85824.26|"Keir Lacer"|"Av 725 No 198 08"|21.894|17.11
10175|"21-12-2022"|30027.855|"Stavros Adamiec"|"Av 623 No 198 65"|12.767|15.28
10697|"16-11-2022"|122830.45|"Odette Chetham"|"St 198 No 216 58"|19.584|17.41
10378|"11-12-2022"|34862.418|"Karil McNea"|"Av 073 No 198 82"|10.164|19.11
10394|"21-11-2022"|58247.18|"Borg McGrory"|"Av 804 No 203 51"|9.906|18.58
10391|"11-12-2022"|72424.24|"Berny Sickling"|"Av 618 No 204 53"|21.115|18.91
10710|"11-12-2022"|19595.533|"Giff Coggen"|"St 206 No 327 83"|5.713|16.74
10063|"21-12-2022"|53825.293|"Katrine Ornils"|"Av 343 No 208 22"|22.885|18.01
10384|"11-12-2022"|37345.73|"Gretchen Samudio"|"Av 334 No 208 04"|10.888|17.03
10182|"21-12-2022"|70446.805|"Mariska Leahair"|"Av 019 No 208 28"|29.952|20.45
10526|"01-12-2022"|89967.69|"Doreen Garey"|"Av 078 No 209 03"|22.951|20.42
10900|"16-11-2022"|53456.086|"Lane Geely"|"St 210 No 718 14"|8.523|16.18
10791|"16-11-2022"|95660.24|"Branden Trubshawe"|"St 211 No 634 68"|15.252|19.32
10869|"11-12-2022"|90428.26|"Woodrow Miettinen"|"St 214 No 019 17"|26.364|16.8
10568|"31-12-2022"|18718.783|"Claude Raylton"|"St 215 No 249 82"|11.938|15.61
10842|"01-12-2022"|101884.46|"Hope Fabb"|"St 215 No 253 30"|25.991|19.98
10201|"01-12-2022"|55765.777|"Brenda McGilvray"|"Av 219 No 216 66"|14.226|16.43
10544|"01-12-2022"|74613.086|"Deeann Guillford"|"Av 777 No 218 04"|19.034|19.72
10295|"16-11-2022"|79447.17|"Chalmers Stollhofer"|"Av 656 No 218 52"|12.667|13.2
10002|"01-12-2022"|70305.02|"Candie Iddy"|"St 218 No 559 87"|17.935|16.5
10902|"21-12-2022"|69673.0|"Janene Kenninghan"|"St 218 No 128 05"|29.623|14.98
10156|"16-11-2022"|142794.17|"Maris Fogden"|"Av 531 No 220 05"|22.767|14.55
10963|"01-12-2022"|55863.777|"Salvidor Tripet"|"St 223 No 741 88"|14.251|14.98
10940|"11-12-2022"|21169.898|"Daniella Shawel"|"St 225 No 259 82"|6.172|17.12
10369|"16-11-2022"|54283.99|"Doralia Brizland"|"Av 720 No 225 90"|8.655|17.28
10134|"31-12-2022"|27612.48|"Meryl Offell"|"Av 320 No 227 84"|17.61|14.5
10252|"01-12-2022"|52425.945|"Marylinda Grigoli"|"Av 399 No 229 62"|13.374|19.02
10196|"01-12-2022"|94526.64|"Barbra Berthod"|"Av 989 No 230 81"|24.114|16.04
10741|"31-12-2022"|30412.928|"Elmo Scoular"|"St 231 No 847 46"|19.396|16.49
10423|"11-12-2022"|75133.93|"Cornell Gisbye"|"Av 701 No 234 20"|21.905|20.46
10169|"11-12-2022"|19273.113|"Clemmy Reimer"|"Av 186 No 235 23"|5.619|16.0
10079|"01-12-2022"|105138.055|"Karissa Persey"|"Av 369 No 236 96"|26.821|21.55
10519|"31-12-2022"|41443.81|"Sallyann Huxham"|"Av 131 No 236 13"|26.431|18.07
10675|"21-12-2022"|67631.47|"Martguerita Tennison"|"St 237 No 556 14"|28.755|17.62
10861|"16-11-2022"|182370.36|"Jacinda Cliffe"|"St 238 No 553 80"|29.077|18.5
10187|"31-12-2022"|30020.928|"Farlay Jenkins"|"Av 176 No 239 58"|19.146|17.64
10960|"31-12-2022"|26397.28|"Aridatha Fransoni"|"St 239 No 219 21"|16.835|18.36
10908|"16-11-2022"|178582.1|"Lillian Langfield"|"St 239 No 988 32"|28.473|20.5
10198|"21-11-2022"|87200.25|"Auria Foster"|"Av 123 No 241 53"|14.83|21.68
10159|"16-11-2022"|107714.984|"Marcie Thornley"|"Av 282 No 241 10"|17.174|19.53
10435|"21-12-2022"|57023.996|"Casie Blagburn"|"Av 842 No 241 57"|24.245|20.69
10827|"31-12-2022"|25548.992|"Beale Tinto"|"St 242 No 758 55"|16.294|19.94
10807|"21-12-2022"|53465.438|"Angus Wrankling"|"St 242 No 558 57"|22.732|14.79
10230|"16-11-2022"|94675.54|"Billy Karlolczak"|"Av 372 No 243 94"|15.095|16.49
10410|"01-12-2022"|60101.285|"Emily Corrison"|"Av 592 No 243 35"|15.332|20.04
10646|"01-12-2022"|110896.516|"Arlan Paxton"|"St 243 No 949 23"|28.29|18.87
10090|"31-12-2022"|46401.824|"Susanne Peete"|"Av 551 No 245 12"|29.593|15.2
10633|"01-12-2022"|103762.13|"Hildagard McAuliffe"|"St 246 No 452 04"|26.47|14.79
10729|"31-12-2022"|37490.88|"Aloisia Gautrey"|"St 246 No 200 72"|23.91|22.48
10124|"21-12-2022"|36594.613|"Tammy Tippell"|"Av 830 No 248 89"|15.559|13.98
10513|"31-12-2022"|21077.057|"Rockey Ragborne"|"Av 806 No 248 22"|13.442|15.65
10144|"01-12-2022"|97666.555|"Ginnifer Riccardi"|"Av 274 No 249 65"|24.915|18.31
10672|"11-12-2022"|39324.836|"Micheil Shimwall"|"St 249 No 752 63"|11.465|19.02
10929|"01-12-2022"|46671.402|"Georgeta Cudby"|"St 252 No 935 91"|11.906|17.48
10673|"11-12-2022"|48407.45|"Ortensia Willgress"|"St 253 No 199 59"|14.113|14.38
10762|"01-12-2022"|46777.242|"Berte Constance"|"St 253 No 911 84"|11.933|14.28
10287|"16-11-2022"|33642.902|"Kellen Lean"|"Av 784 No 254 49"|5.364|16.56
10655|"16-11-2022"|137538.25|"Kass Kenefick"|"St 254 No 081 28"|21.929|16.49
10032|"31-12-2022"|41288.574|"Ardis Bradock"|"St 255 No 169 30"|26.332|20.36
10165|"21-12-2022"|44231.523|"Philly Renals"|"Av 676 No 256 80"|18.806|18.19
10016|"21-11-2022"|71788.8|"Axel Lenin"|"St 257 No 604 55"|12.209|15.12
10245|"31-12-2022"|9475.424|"Merrie Dufour"|"Av 069 No 258 35"|6.043|13.59
10234|"31-12-2022"|14229.6|"Dukey Prendergast"|"Av 193 No 259 77"|9.075|13.88
10188|"31-12-2022"|22561.951|"Adlai Perview"|"Av 416 No 259 92"|14.389|20.66
10397|"31-12-2022"|44382.24|"Abdel Kendle"|"Av 969 No 260 52"|28.305|17.09
10358|"16-11-2022"|124511.34|"Claudine Hasser"|"Av 604 No 260 25"|19.852|15.04
10627|"16-11-2022"|174160.34|"Kylie Kalf"|"St 263 No 882 02"|27.768|18.23
10232|"01-12-2022"|79125.0|"Jaquelin Rysom"|"Av 937 No 263 30"|20.185|18.09
10085|"01-12-2022"|87537.3|"Matthaeus Krysztofiak"|"Av 975 No 264 28"|22.331|16.06
10383|"21-12-2022"|69919.96|"Rafferty Drewett"|"Av 237 No 264 25"|29.728|16.99
10363|"21-12-2022"|63087.43|"Raffarty Trouncer"|"Av 030 No 264 54"|26.823|16.76
10215|"21-11-2022"|138285.61|"Templeton Aronowicz"|"Av 519 No 266 88"|23.518|18.67
10510|"16-11-2022"|177114.44|"Katee Imeson"|"Av 180 No 267 15"|28.239|21.03
10141|"11-12-2022"|79544.9|"Filippo Riall"|"Av 497 No 267 09"|23.191|17.64
10015|"21-12-2022"|46861.047|"Tadeas De Dei"|"St 268 No 271 55"|19.924|16.66
10209|"21-11-2022"|110908.375|"Lanita Damiata"|"Av 743 No 271 39"|18.862|19.28
10109|"21-12-2022"|33054.867|"Shurlocke Jansema"|"Av 293 No 272 44"|14.054|16.48
10077|"21-11-2022"|76051.79|"Dori Harkins"|"Av 655 No 273 07"|12.934|17.89
10222|"16-11-2022"|34615.06|"Nikolaos Jedrychowski"|"Av 821 No 274 36"|5.519|15.76
10334|"01-12-2022"|92892.0|"Olav Jennery"|"Av 631 No 276 71"|23.697|20.99
10092|"21-11-2022"|102494.11|"Paul MacLeod"|"Av 127 No 276 09"|17.431|18.36
10161|"31-12-2022"|39717.44|"Chev Minogue"|"Av 006 No 276 42"|25.33|19.31
10060|"01-12-2022"|21732.424|"My Pedro"|"Av 539 No 279 46"|5.544|17.1
10850|"01-12-2022"|106823.65|"Siffre Davidow"|"St 281 No 493 51"|27.251|18.88
10147|"31-12-2022"|12685.12|"Cathie Mosten"|"Av 554 No 281 72"|8.09|13.9
10952|"21-12-2022"|65305.355|"Maxine Aleso"|"St 283 No 500 06"|27.766|19.01
10701|"31-12-2022"|35491.68|"Calypso Constant"|"St 283 No 910 85"|22.635|15.95
10582|"16-11-2022"|74492.305|"Eadie Blenkhorn"|"St 284 No 150 30"|11.877|16.46
10848|"11-12-2022"|34937.88|"Maxine Collington"|"St 285 No 456 50"|10.186|16.51
10450|"01-12-2022"|110524.12|"Ulrikaumeko McCrone"|"Av 816 No 285 08"|28.195|18.57
10472|"31-12-2022"|22839.488|"Daphene Molfino"|"Av 463 No 287 39"|14.566|17.2
10013|"01-12-2022"|34562.55|"Rosaline Trundler"|"St 290 No 861 15"|8.817|13.33
10657|"11-12-2022"|62158.277|"Stefanie Pettingill"|"St 291 No 352 71"|18.122|14.81
10129|"31-12-2022"|25779.488|"Nanny Learmouth"|"Av 208 No 295 17"|16.441|17.7
10833|"21-12-2022"|16800.264|"Tiffie Caen"|"St 297 No 702 39"|7.143|18.77
10143|"16-11-2022"|134734.67|"Vin Kynge"|"Av 140 No 298 58"|21.482|19.18
10642|"11-12-2022"|34491.98|"Gardy McNabb"|"St 299 No 203 74"|10.056|13.31
10580|"01-12-2022"|117133.22|"Addi Duddridge"|"St 300 No 579 59"|29.881|21.13
10912|"21-12-2022"|49086.03|"Carmella Romao"|"St 301 No 481 21"|20.87|14.03
10226|"21-12-2022"|29976.113|"Wendye Coram"|"Av 574 No 303 44"|12.745|17.41
10298|"21-11-2022"|67390.56|"Odelle Melluish"|"Av 981 No 304 17"|11.461|17.37
10343|"01-12-2022"|106780.53|"Franni Domone"|"Av 234 No 304 64"|27.24|15.33
10390|"21-11-2022"|146311.8|"Cyndi Boshere"|"Av 061 No 304 30"|24.883|15.8
10309|"11-12-2022"|40816.883|"Dalt Dybald"|"Av 121 No 305 81"|11.9|16.83
10392|"21-12-2022"|43102.57|"Quintana Flannery"|"Av 493 No 306 84"|18.326|21.36
10953|"01-12-2022"|113468.03|"Gladys Godball"|"St 307 No 338 64"|28.946|20.21
10088|"21-11-2022"|172765.86|"Elianora Josupeit"|"Av 454 No 307 96"|29.382|14.37
10291|"11-12-2022"|20806.32|"Jacquette Llewelly"|"Av 957 No 310 28"|6.066|16.35
10811|"21-12-2022"|50513.688|"Shannah Goodricke"|"St 310 No 684 38"|21.477|18.0
10148|"21-12-2022"|44036.31|"Valdemar Kemery"|"Av 037 No 310 78"|18.723|15.19
10310|"31-12-2022"|14924.224|"Karel Beert"|"Av 509 No 311 78"|9.518|15.69
10324|"11-12-2022"|26520.684|"Fania Burton"|"Av 726 No 311 67"|7.732|14.36
10537|"01-12-2022"|67811.91|"Simeon Swedeland"|"Av 225 No 312 35"|17.299|18.5
10205|"21-11-2022"|38872.613|"Chrisse Ondrich"|"Av 480 No 313 07"|6.611|17.24
10828|"11-12-2022"|26856.822|"Glenn Biermatowicz"|"St 314 No 646 35"|7.83|18.36
10798|"01-12-2022"|53503.945|"Osmund Manz"|"St 315 No 224 25"|13.649|14.56
10818|"21-11-2022"|84718.9|"Carola Edgeson"|"St 315 No 441 33"|14.408|14.04
10044|"21-11-2022"|108456.414|"Cammie Shakesbye"|"St 315 No 550 93"|18.445|16.19
10643|"21-11-2022"|116541.4|"Tasha Torrejon"|"St 316 No 823 42"|19.82|17.78
10265|"31-12-2022"|32981.312|"Clementine Emmer"|"Av 179 No 316 90"|21.034|19.59
10202|"21-11-2022"|111108.29|"Rebekkah Belhomme"|"Av 629 No 317 25"|18.896|18.1
10956|"01-12-2022"|72774.62|"Sax Blagdon"|"St 317 No 697 92"|18.565|16.17
10308|"16-11-2022"|136923.6|"Rhonda Kubista"|"Av 874 No 318 50"|21.831|18.66
10491|"16-11-2022"|87011.18|"Darill Wedderburn"|"Av 764 No 318 80"|13.873|18.49
10524|"21-11-2022"|174259.39|"Hanna Sabater"|"Av 643 No 318 42"|29.636|18.62
10660|"21-11-2022"|131176.7|"Cheslie Payne"|"St 318 No 619 61"|22.309|16.58
10824|"01-12-2022"|40473.9|"Lynna Pallent"|"St 318 No 315 42"|10.325|18.46
10142|"21-11-2022"|68960.52|"Fairfax Gye"|"Av 430 No 319 17"|11.728|18.82
10059|"21-11-2022"|77245.43|"Eberto Becks"|"Av 536 No 319 91"|13.137|21.46
10192|"31-12-2022"|45056.48|"Hillel Jorin"|"Av 838 No 319 93"|28.735|21.07
10724|"11-12-2022"|89474.72|"Richy Van Saltsberg"|"St 320 No 557 31"|26.086|17.78
10649|"31-12-2022"|25542.72|"Paxon Kordova"|"St 320 No 158 84"|16.29|16.09
10477|"16-11-2022"|126712.81|"Faydra Soloway"|"Av 051 No 320 32"|20.203|16.6
10273|"31-12-2022"|39577.887|"Donnamarie Crosfield"|"Av 841 No 321 95"|25.241|16.32
10750|"16-11-2022"|164890.36|"Arlina Leachman"|"St 324 No 278 14"|26.29|20.21
10098|"31-12-2022"|14232.736|"Towney Goodlett"|"Av 137 No 324 04"|9.077|18.01
10177|"31-12-2022"|22787.744|"Belita Lantiff"|"Av 788 No 327 53"|14.533|17.65
10587|"01-12-2022"|81653.39|"Eolande Drummond"|"St 327 No 893 58"|20.83|16.63
10623|"01-12-2022"|87372.66|"Jaclyn Rittelmeyer"|"St 328 No 818 19"|22.289|15.95
10072|"01-12-2022"|82045.39|"Jannelle Spira"|"Av 417 No 330 71"|20.93|18.59
10465|"21-12-2022"|59679.395|"Jaclin Kleyn"|"Av 205 No 331 44"|25.374|18.59
10438|"21-12-2022"|58174.12|"Harris Shillitoe"|"Av 298 No 332 42"|24.734|16.07
10028|"11-12-2022"|56546.816|"Louisa Cowey"|"St 336 No 493 74"|16.486|17.81
10105|"01-12-2022"|73597.81|"Rodd Durbridge"|"Av 002 No 337 32"|18.775|17.89
10679|"21-11-2022"|164539.77|"Patty Coull"|"St 338 No 064 71"|27.983|18.07
10012|"31-12-2022"|28536.031|"Annmarie Lehenmann"|"St 339 No 507 35"|18.199|17.73
10263|"21-12-2022"|57113.375|"Elinor Jager"|"Av 351 No 340 12"|24.283|17.12
10743|"31-12-2022"|32601.855|"Janna Cowwell"|"St 342 No 186 61"|20.792|15.23
10289|"21-12-2022"|50732.426|"Clemmie Dolman"|"Av 057 No 342 68"|21.57|15.71
10968|"11-12-2022"|55644.727|"Felice Brotherheed"|"St 343 No 443 16"|16.223|18.53
10219|"21-12-2022"|42065.34|"Alleyn Clemenzo"|"Av 742 No 343 04"|17.885|19.02
10304|"21-12-2022"|39391.13|"Romona Saint"|"Av 384 No 346 80"|16.748|14.36
10194|"21-12-2022"|46912.793|"Flossie Rhodes"|"Av 026 No 346 81"|19.946|16.46
10121|"31-12-2022"|10897.6|"Jeni Fanton"|"Av 104 No 348 45"|6.95|18.94
10917|"21-12-2022"|61532.76|"Rabbi Veivers"|"St 350 No 652 99"|26.162|13.99
10338|"01-12-2022"|70822.46|"Orran Wilfling"|"Av 735 No 351 66"|18.067|17.69
10164|"21-12-2022"|37725.918|"Ellis Lafflin"|"Av 677 No 354 82"|16.04|16.02
10614|"21-11-2022"|164804.36|"Siffre Guterson"|"St 358 No 385 05"|28.028|16.8
10959|"01-12-2022"|64381.914|"Eadith Lanfare"|"St 363 No 216 82"|16.424|18.98
10939|"11-12-2022"|26952.861|"Way Studdeard"|"St 364 No 099 67"|7.858|14.7
10665|"21-12-2022"|33847.49|"Lynnet Wallett"|"St 365 No 177 03"|14.391|13.11
10692|"16-11-2022"|168440.3|"Stanislaus Fendlen"|"St 365 No 907 87"|26.856|16.2
10740|"21-11-2022"|79127.02|"Sigismund Minmagh"|"St 367 No 682 11"|13.457|15.57
10221|"31-12-2022"|26847.297|"Dasie Laraway"|"Av 321 No 368 10"|17.122|14.17
10464|"11-12-2022"|94935.266|"Lanna McCloughlin"|"Av 467 No 369 85"|27.678|15.5
10808|"21-12-2022"|32431.59|"Tomaso Tweddle"|"St 370 No 633 84"|13.789|15.68
10603|"16-11-2022"|136773.06|"Carlyn Devinn"|"St 373 No 167 16"|21.807|20.6
10055|"21-11-2022"|48221.797|"Tomaso Owain"|"Av 929 No 373 43"|8.201|16.73
10275|"21-12-2022"|25622.578|"Hilary Kenson"|"Av 599 No 374 56"|10.894|15.53
10849|"21-11-2022"|151950.7|"Jemima Oakenfull"|"St 374 No 514 74"|25.842|18.12
10466|"16-11-2022"|94675.54|"Rosaline Flack"|"Av 392 No 374 86"|15.095|17.86
10548|"16-11-2022"|140254.02|"Jarid Parlour"|"St 374 No 360 66"|22.362|17.86
10923|"11-12-2022"|49323.258|"Deena Bowdery"|"St 374 No 195 16"|14.38|18.1
10571|"01-12-2022"|68552.78|"Naoma Wardingly"|"St 378 No 968 75"|17.488|16.33
10302|"31-12-2022"|9036.384|"Giffer Beagles"|"Av 502 No 379 41"|5.763|14.85
10172|"01-12-2022"|62755.12|"Gunilla Delyth"|"Av 897 No 380 43"|16.009|19.59
10117|"21-11-2022"|92645.125|"Pattin De Ruggero"|"Av 873 No 381 62"|15.756|15.48
10131|"31-12-2022"|37740.19|"Tammy Skellorne"|"Av 932 No 381 87"|24.069|14.91
10935|"21-11-2022"|147575.98|"Sarita Halversen"|"St 386 No 301 27"|25.098|19.09
10632|"21-12-2022"|51320.42|"Bondon Weeden"|"St 387 No 594 42"|21.82|19.38
10096|"16-11-2022"|172887.12|"Sascha Keyte"|"Av 316 No 388 56"|27.565|18.04
10276|"21-12-2022"|69049.72|"Ossie Dowtry"|"Av 692 No 390 42"|29.358|21.82
10036|"11-12-2022"|30815.03|"Giorgia Aizlewood"|"St 396 No 810 62"|8.984|14.43
10640|"31-12-2022"|32263.168|"Joela Taree"|"St 396 No 448 58"|20.576|16.66
10332|"11-12-2022"|25810.674|"Angelique Balls"|"Av 446 No 396 62"|7.525|16.69
10411|"11-12-2022"|86199.08|"Danette Chill"|"Av 461 No 397 05"|25.131|17.72
10283|"01-12-2022"|38455.1|"Boone Semper"|"Av 809 No 397 34"|9.81|20.78
10128|"11-12-2022"|44113.1|"Harman Balaizot"|"Av 824 No 397 66"|12.861|16.63
10787|"16-11-2022"|121369.086|"Der Rickeard"|"St 399 No 358 20"|19.351|15.61
10490|"01-12-2022"|57690.492|"Tab Stebbings"|"Av 581 No 400 39"|14.717|16.34
10280|"21-12-2022"|37081.473|"Erinna Devaney"|"Av 372 No 400 05"|15.766|17.11
10270|"31-12-2022"|10847.424|"Linnet Gittis"|"Av 302 No 401 80"|6.918|17.23
10575|"21-11-2022"|131894.06|"Shepherd Skough"|"St 401 No 454 94"|22.431|16.37
10799|"21-11-2022"|50456.195|"Hasheem Beasley"|"St 402 No 057 65"|8.581|16.24
10652|"21-11-2022"|117905.56|"Filippa Dudlestone"|"St 403 No 344 26"|20.052|15.79
10329|"11-12-2022"|43433.965|"Felicity Emerine"|"Av 786 No 404 36"|12.663|17.92
10497|"16-11-2022"|146061.88|"Giuseppe Burkart"|"Av 622 No 404 18"|23.288|15.24
10921|"31-12-2022"|33751.2|"Joel Ahmad"|"St 405 No 905 04"|21.525|20.58
10315|"31-12-2022"|36214.527|"Agnesse Blazhevich"|"Av 076 No 407 61"|23.096|22.64
10746|"31-12-2022"|38235.68|"Cati Nayer"|"St 408 No 980 11"|24.385|14.91
10880|"31-12-2022"|23077.824|"Lorelei Sanger"|"St 409 No 621 91"|14.718|10.92
10189|"01-12-2022"|91731.69|"Teressa Danilishin"|"Av 954 No 409 33"|23.401|14.29
10595|"11-12-2022"|86751.305|"Rahal Petrusch"|"St 414 No 371 50"|25.292|18.87
10615|"31-12-2022"|44071.777|"Teddy Stanyforth"|"St 417 No 074 99"|28.107|17.27
10442|"21-11-2022"|93438.92|"Pernell Kuschke"|"Av 794 No 417 89"|15.891|20.24
10924|"31-12-2022"|12358.976|"Ainsley Filippo"|"St 419 No 796 11"|7.882|12.27
10598|"21-12-2022"|37199.074|"Lev Frenzl"|"St 419 No 804 79"|15.816|21.72
10784|"21-11-2022"|124761.625|"Ambrose Heugh"|"St 419 No 859 65"|21.218|18.95
10647|"21-12-2022"|37406.05|"Baxie Kneeland"|"St 421 No 580 57"|15.904|18.34
10864|"01-12-2022"|60744.164|"Rudolfo Bonin"|"St 422 No 676 49"|15.496|17.69
10111|"31-12-2022"|41003.2|"Ernaline Dillicate"|"Av 636 No 426 55"|26.15|19.47
10851|"11-12-2022"|18004.018|"Antoinette Kapelhoff"|"St 427 No 773 95"|5.249|15.05
10723|"21-12-2022"|33788.688|"Kaylee Magwood"|"St 427 No 936 94"|14.366|18.98
10047|"21-11-2022"|91833.69|"Lanie Walsh"|"Av 297 No 428 56"|15.618|16.07
10323|"16-11-2022"|153099.03|"Dawna Raiman"|"Av 188 No 428 78"|24.41|17.2
10695|"21-12-2022"|62118.406|"Katuscha Djorvic"|"St 428 No 154 17"|26.411|21.12
10865|"31-12-2022"|38328.19|"Cathlene Kluge"|"St 429 No 572 80"|24.444|18.96
10210|"01-12-2022"|107835.01|"Brandyn Skirrow"|"Av 640 No 429 72"|27.509|18.79
10602|"31-12-2022"|30681.057|"Bambi Fallis"|"St 429 No 753 74"|19.567|16.24
10250|"21-11-2022"|168861.55|"Gaston Deme"|"Av 952 No 429 73"|28.718|16.55
10396|"16-11-2022"|163592.05|"Rochella Bonaire"|"Av 491 No 430 93"|26.083|20.05
10237|"11-12-2022"|73045.07|"Clerc Treleven"|"Av 480 No 430 78"|21.296|16.07
10961|"21-12-2022"|34331.996|"Lorie Firbank"|"St 430 No 436 26"|14.597|15.35
10520|"21-11-2022"|134575.33|"Halie Lovart"|"Av 850 No 434 89"|22.887|18.81
10216|"21-12-2022"|43645.88|"Waverley Drover"|"Av 988 No 437 40"|18.557|16.36
10947|"21-12-2022"|34407.26|"Marillin Kinsett"|"St 439 No 613 74"|14.629|21.31
10110|"21-11-2022"|109520.695|"Maryjane Alelsandrovich"|"Av 456 No 440 55"|18.626|14.63
10638|"01-12-2022"|110214.44|"Jewell Lassell"|"St 443 No 269 78"|28.116|16.14
10208|"11-12-2022"|48596.098|"Bennett Heindrich"|"Av 270 No 443 04"|14.168|16.82
10716|"16-11-2022"|165875.06|"Vern Connichie"|"St 443 No 776 07"|26.447|18.72
10139|"31-12-2022"|11281.76|"Laughton Gorgen"|"Av 216 No 444 30"|7.195|17.87
10136|"01-12-2022"|99622.625|"Gary Babidge"|"Av 826 No 446 04"|25.414|17.53
10168|"11-12-2022"|68349.414|"Costa Phillimore"|"Av 467 No 446 52"|19.927|16.78
10874|"21-11-2022"|62374.934|"Guillermo Brunker"|"St 447 No 005 22"|10.608|14.62
10965|"16-11-2022"|37079.945|"Ninetta Chattock"|"St 447 No 898 79"|5.912|15.42
10022|"21-12-2022"|31006.283|"Olivero Whistlecraft"|"St 448 No 360 07"|13.183|14.55
10184|"11-12-2022"|91964.89|"Odetta Wisham"|"Av 207 No 448 84"|26.812|13.79
10896|"21-11-2022"|108403.49|"Ashley Alflat"|"St 449 No 104 01"|18.436|20.25
10292|"11-12-2022"|97761.58|"Olenolin Clac"|"Av 489 No 450 33"|28.502|18.43
10167|"16-11-2022"|119788.55|"Sondra Paik"|"Av 270 No 451 69"|19.099|19.83
10330|"31-12-2022"|18543.168|"Heddi Skewes"|"Av 804 No 451 37"|11.826|15.71
10185|"21-11-2022"|174535.75|"Delaney Chittenden"|"Av 220 No 452 00"|29.683|22.31
10038|"31-12-2022"|34318.816|"Binny Vivian"|"St 453 No 914 95"|21.887|16.01
10581|"16-11-2022"|182075.58|"Neddie Enders"|"St 453 No 937 40"|29.03|19.49
10634|"31-12-2022"|30115.008|"Lane Follan"|"St 454 No 373 95"|19.206|17.62
10350|"31-12-2022"|24678.752|"Eric Roddell"|"Av 132 No 455 51"|15.739|19.87
10274|"01-12-2022"|109998.836|"Verna Giannotti"|"Av 822 No 455 64"|28.061|19.43
10502|"21-11-2022"|50908.953|"Petronella Probat"|"Av 714 No 456 08"|8.658|18.88
10834|"16-11-2022"|72905.49|"Bevvy Sumpton"|"St 456 No 289 81"|11.624|17.92
10739|"21-11-2022"|62910.01|"Gamaliel Verring"|"St 457 No 457 50"|10.699|16.55
10788|"01-12-2022"|91261.29|"Brodie Laye"|"St 458 No 918 06"|23.281|20.63
10641|"16-11-2022"|70032.93|"Ximenez Moulder"|"St 459 No 345 82"|11.166|16.24
10116|"21-12-2022"|34807.1|"Dorotea McAw"|"Av 988 No 460 93"|14.799|19.37
10839|"21-11-2022"|134057.89|"Gillan Avo"|"St 460 No 185 61"|22.799|17.81
10619|"11-12-2022"|75545.53|"Bron Coal"|"St 461 No 683 32"|22.025|17.42
10628|"11-12-2022"|74314.164|"Ali Cooch"|"St 462 No 828 53"|21.666|18.9
10538|"01-12-2022"|71332.055|"Kelci Spensly"|"Av 834 No 463 57"|18.197|19.29
10730|"01-12-2022"|104314.85|"Marrissa Slocombe"|"St 464 No 066 42"|26.611|19.2
10557|"21-12-2022"|13361.655|"Yvonne Cambden"|"St 466 No 935 36"|5.681|16.18
10877|"21-11-2022"|86618.13|"Tatiania Bougen"|"St 467 No 008 00"|14.731|16.69
10290|"11-12-2022"|59750.426|"Waylen Giannazzi"|"Av 507 No 467 90"|17.42|18.2
10488|"16-11-2022"|115504.78|"Ginny Flay"|"Av 536 No 469 39"|18.416|20.7
10260|"11-12-2022"|102031.914|"Margie Strangward"|"Av 607 No 469 73"|29.747|20.59
10829|"21-11-2022"|169067.36|"Marinna Mathieson"|"St 470 No 839 77"|28.753|19.81
10836|"11-12-2022"|81993.914|"Leonora Tuohy"|"St 470 No 771 80"|23.905|17.56
10922|"11-12-2022"|73734.49|"Mirna Putman"|"St 471 No 156 89"|21.497|19.83
10832|"21-11-2022"|58394.18|"Ramon Zamorrano"|"St 472 No 722 56"|9.931|18.71
10605|"16-11-2022"|74260.24|"Dirk Branchflower"|"St 473 No 349 98"|11.84|18.99
10118|"01-12-2022"|61520.324|"Lettie Cuttles"|"Av 146 No 474 45"|15.694|17.27
10573|"11-12-2022"|26911.701|"Tadd Tomasi"|"St 475 No 292 15"|7.846|17.41
10306|"01-12-2022"|26628.492|"Arlen Peplay"|"Av 571 No 475 93"|6.793|14.42
10565|"11-12-2022"|64919.42|"Jean Clegg"|"St 476 No 424 44"|18.927|18.78
10611|"11-12-2022"|72976.47|"Wakefield Alcalde"|"St 477 No 403 56"|21.276|16.81
10585|"21-12-2022"|26476.352|"Maryann Pugh"|"St 479 No 808 47"|11.257|16.08
10734|"21-11-2022"|107380.375|"Silvan Alywen"|"St 480 No 327 49"|18.262|17.11
10174|"21-11-2022"|94538.48|"Claudia Paxeford"|"Av 157 No 481 47"|16.078|14.8
10794|"16-11-2022"|126223.59|"Willis McGloughlin"|"St 481 No 223 12"|20.125|17.73
10135|"21-12-2022"|33468.816|"Rebecka Emmott"|"Av 850 No 484 63"|14.23|17.81
10926|"31-12-2022"|45442.207|"Bailie Glentz"|"St 485 No 921 23"|28.981|16.98
10193|"31-12-2022"|10232.768|"Yankee Koppel"|"Av 204 No 486 61"|6.526|20.11
10894|"21-12-2022"|57757.82|"Margarete Cansdale"|"St 487 No 481 78"|24.557|17.11
10764|"11-12-2022"|63681.195|"Vonnie Elwood"|"St 487 No 681 75"|18.566|15.64
10588|"21-12-2022"|65446.473|"Melosa Baistow"|"St 488 No 901 27"|27.826|16.8
10054|"21-12-2022"|68593.44|"Aggi Castledine"|"Av 527 No 490 78"|29.164|18.02
10591|"21-12-2022"|42658.043|"Robbyn Girodier"|"St 490 No 440 23"|18.137|19.08
10944|"31-12-2022"|18386.367|"Dannie Trenaman"|"St 491 No 296 51"|11.726|19.39
10879|"31-12-2022"|23485.504|"Estel Juszczyk"|"St 491 No 657 44"|14.978|15.98
10152|"11-12-2022"|93161.96|"Johanna Ambrogioni"|"Av 114 No 492 14"|27.161|18.97
10992|"01-12-2022"|41955.652|"Cynthy Spyby"|"St 493 No 343 17"|10.703|16.04
10103|"11-12-2022"|61369.383|"Doyle Aldrich"|"Av 608 No 494 46"|17.892|19.96
10954|"21-11-2022"|121051.35|"Darlleen Pandey"|"St 496 No 304 71"|20.587|20.54
10140|"21-11-2022"|102253.02|"Gabbie Golborne"|"Av 755 No 497 95"|17.39|17.66
10783|"21-11-2022"|76822.07|"Giffy Southers"|"St 500 No 473 76"|13.065|17.7
10007|"01-12-2022"|107627.24|"Josee Stedman"|"St 501 No 256 81"|27.456|16.19
10427|"01-12-2022"|43057.17|"Chad Dey"|"Av 400 No 501 24"|10.984|14.53
10145|"31-12-2022"|30640.287|"Grazia Buterton"|"Av 966 No 503 79"|19.541|17.68
10990|"31-12-2022"|45820.098|"Daffy Shankland"|"St 505 No 401 60"|29.222|17.88
10286|"31-12-2022"|14806.624|"Lida Terney"|"Av 740 No 505 60"|9.443|16.9
10288|"21-11-2022"|172583.6|"Dannye Gristock"|"Av 994 No 506 42"|29.351|17.99
10284|"01-12-2022"|26216.893|"Jacenta Beelby"|"Av 686 No 506 77"|6.688|16.21
10424|"31-12-2022"|45628.8|"Reginauld Selley"|"Av 626 No 507 99"|29.1|19.08
10916|"21-11-2022"|96443.59|"Kandace Stuke"|"St 507 No 774 37"|16.402|20.81
10769|"11-12-2022"|41509.74|"Babita Labrone"|"St 508 No 745 15"|12.102|18.68
10500|"21-11-2022"|155002.42|"Mahmud Leverington"|"Av 678 No 510 89"|26.361|18.19
10179|"21-12-2022"|62485.316|"Baudoin Radmore"|"Av 566 No 510 64"|26.567|15.33
10886|"16-11-2022"|74103.445|"Thorny Jeanon"|"St 511 No 627 28"|11.815|19.07
10521|"21-12-2022"|65086.62|"Packston Deme"|"Av 653 No 512 97"|27.673|16.36
10707|"11-12-2022"|46119.645|"Shane Manterfield"|"St 513 No 015 15"|13.446|17.04
10398|"31-12-2022"|30563.455|"Jacinthe Lamy"|"Av 158 No 513 44"|19.492|14.93
10895|"31-12-2022"|42762.496|"Derril Hunnicutt"|"St 514 No 963 08"|27.272|19.19
10377|"21-12-2022"|16887.29|"Bentley Smithson"|"Av 128 No 514 34"|7.18|17.3
10532|"21-11-2022"|126096.38|"Bernardo Moukes"|"Av 377 No 516 00"|21.445|17.69
10035|"21-12-2022"|54523.832|"Sibel Bodman"|"St 517 No 314 94"|23.182|19.57
10220|"01-12-2022"|86506.336|"Bernarr Dresse"|"Av 963 No 519 79"|22.068|15.83
10087|"11-12-2022"|91097.1|"Thomas Attewill"|"Av 446 No 520 45"|26.559|17.26
10268|"31-12-2022"|37263.52|"Valdemar Cornelissen"|"Av 850 No 521 65"|23.765|18.87
10388|"31-12-2022"|46770.305|"Bartlett McKern"|"Av 373 No 522 58"|29.828|18.74
10495|"16-11-2022"|160926.47|"Jaclyn Steane"|"Av 078 No 523 03"|25.658|16.5
10910|"11-12-2022"|55740.766|"Lanae Jakuszewski"|"St 523 No 917 06"|16.251|21.02
10722|"21-12-2022"|52442.32|"Amalita Reaper"|"St 525 No 220 57"|22.297|15.98
10242|"16-11-2022"|37418.633|"Yelena Detheridge"|"Av 353 No 525 48"|5.966|10.09
10067|"31-12-2022"|21904.96|"Garland Gillbanks"|"Av 857 No 526 59"|13.97|20.51
10462|"31-12-2022"|31458.783|"Aubrie Thomassen"|"Av 276 No 528 70"|20.063|18.61
10835|"31-12-2022"|9069.312|"Fleming Braams"|"St 530 No 121 36"|5.784|17.39
10080|"01-12-2022"|28192.568|"Ladonna Bedrosian"|"Av 187 No 531 08"|7.192|17.62
10453|"21-12-2022"|60805.996|"Shanon Haworth"|"Av 395 No 531 17"|25.853|17.69
10023|"16-11-2022"|70641.31|"Lyndsay Garrat"|"St 533 No 067 82"|11.263|17.26
10517|"21-11-2022"|47304.52|"Ruthe MacGaughey"|"Av 582 No 533 79"|8.045|18.0
10224|"11-12-2022"|77377.14|"Winifred McCoughan"|"Av 803 No 534 10"|22.559|19.47
10814|"21-11-2022"|119981.195|"Nicol Byas"|"St 534 No 213 32"|20.405|19.17
10505|"21-12-2022"|69127.336|"Caye Stancer"|"Av 316 No 535 12"|29.391|18.32
10772|"16-11-2022"|153782.67|"Sterne Argyle"|"St 536 No 643 81"|24.519|22.62
10856|"21-11-2022"|67031.88|"Des Gustus"|"St 536 No 121 26"|11.4|15.61
10761|"16-11-2022"|31830.299|"Krystyna Vickors"|"St 538 No 134 16"|5.075|18.31
10294|"11-12-2022"|41983.08|"Danni McGurn"|"Av 480 No 539 72"|12.24|17.97
10297|"21-11-2022"|90040.29|"Catharina de Guise"|"Av 769 No 540 41"|15.313|14.64
10107|"01-12-2022"|49654.51|"Leela Piggott"|"Av 075 No 541 91"|12.667|17.13
10414|"16-11-2022"|106893.35|"Ad Swadden"|"Av 596 No 541 23"|17.043|21.42
10269|"11-12-2022"|64027.625|"Michel Yeowell"|"Av 844 No 541 73"|18.667|16.94
10562|"21-11-2022"|111196.49|"Ernesta Muccino"|"St 542 No 820 61"|18.911|18.58
10335|"01-12-2022"|92088.41|"Ciel Jacqueminet"|"Av 340 No 542 02"|23.492|18.3
10667|"21-11-2022"|160717.77|"Roseanna Seiter"|"St 545 No 023 46"|27.333|17.78
10771|"01-12-2022"|86153.54|"Mead Attwool"|"St 546 No 898 44"|21.978|15.29
10795|"11-12-2022"|84614.42|"Venita Jillis"|"St 548 No 031 19"|24.669|17.45
10176|"21-12-2022"|61064.715|"Marji Peirson"|"Av 617 No 550 55"|25.963|18.02
10666|"01-12-2022"|48819.555|"Catharine Shakeshaft"|"St 551 No 418 24"|12.454|19.76
10461|"21-11-2022"|168350.0|"Andreana Le Surf"|"Av 881 No 552 17"|28.631|19.66
10927|"11-12-2022"|63485.684|"Mickie Swatman"|"St 554 No 127 16"|18.509|19.34
10432|"21-11-2022"|136451.05|"Fairleigh Andreotti"|"Av 860 No 555 78"|23.206|13.78
10301|"21-11-2022"|30793.508|"Sheeree Abate"|"Av 175 No 557 46"|5.237|16.14
10938|"16-11-2022"|118803.84|"Bryn Rotchell"|"St 558 No 346 81"|18.942|17.41
10718|"21-11-2022"|96296.59|"Annissa Phelipeaux"|"St 558 No 118 04"|16.377|17.18
10119|"21-11-2022"|148887.23|"Merrily Arsnell"|"Av 523 No 559 44"|25.321|19.01
10630|"11-12-2022"|79671.805|"Terrell Marten"|"St 559 No 689 31"|23.228|18.7
10747|"21-12-2022"|29882.033|"Saraann Peterffy"|"St 567 No 492 93"|12.705|15.69
10285|"21-11-2022"|174288.78|"Markus Bissiker"|"Av 696 No 567 67"|29.641|19.14
10995|"11-12-2022"|96331.266|"Lorraine Dionis"|"St 567 No 937 29"|28.085|17.74
10422|"21-12-2022"|59681.746|"Moss Bewlay"|"Av 990 No 567 64"|25.375|19.23
10225|"01-12-2022"|80222.59|"Bili Trousdell"|"Av 132 No 568 44"|20.465|15.33
10091|"31-12-2022"|46293.633|"Inesita Quenby"|"Av 152 No 569 51"|29.524|16.8
10312|"16-11-2022"|135631.56|"Martino Raise"|"Av 235 No 569 95"|21.625|21.99
10207|"31-12-2022"|45054.91|"Bobby Ioan"|"Av 965 No 570 85"|28.734|21.35
10402|"01-12-2022"|95236.16|"Haydon Igglesden"|"Av 753 No 570 74"|24.295|13.27
10083|"01-12-2022"|27447.77|"Drucill Collinson"|"Av 072 No 573 23"|7.002|17.34
10076|"01-12-2022"|72927.49|"Worth Carrabot"|"Av 714 No 573 20"|18.604|15.69
10778|"16-11-2022"|138071.38|"Fina Tibald"|"St 574 No 968 03"|22.014|16.47
10327|"11-12-2022"|47546.52|"Elias Blagbrough"|"Av 239 No 575 92"|13.862|19.28
10803|"11-12-2022"|82655.9|"Leigh Haitlie"|"St 575 No 851 34"|24.098|20.34
10093|"01-12-2022"|85322.5|"Allard D'Aguanno"|"Av 960 No 576 94"|21.766|17.54
10705|"11-12-2022"|53346.633|"Myrtie Adelberg"|"St 577 No 385 42"|15.553|15.08
10231|"21-12-2022"|66159.125|"Stanton Greenin"|"Av 851 No 577 08"|28.129|19.1
10969|"11-12-2022"|99905.32|"Lisha Fishbourn"|"St 577 No 989 76"|29.127|17.25
10888|"21-12-2022"|57849.547|"Kerrill Gagin"|"St 578 No 164 46"|24.596|18.05
10933|"21-12-2022"|56645.33|"Kevin Sparham"|"St 579 No 070 64"|24.084|21.28
10720|"01-12-2022"|96208.31|"Byrom De Domenico"|"St 581 No 449 73"|24.543|18.26
10049|"11-12-2022"|99953.336|"Elfrieda Handlin"|"Av 933 No 581 20"|29.141|17.2
10227|"31-12-2022"|24788.512|"Berry Rouke"|"Av 293 No 582 83"|15.809|14.17
10127|"31-12-2022"|29287.104|"Lorens Percy"|"Av 282 No 583 17"|18.678|18.48
10132|"16-11-2022"|52151.516|"Tedie Phuprate"|"Av 946 No 584 46"|8.315|17.52
10624|"16-11-2022"|79415.81|"Jeffie Rodenhurst"|"St 586 No 232 71"|12.662|16.39
10550|"11-12-2022"|59630.375|"Liva Mansel"|"St 590 No 276 64"|17.385|19.79
10699|"11-12-2022"|84765.34|"Dori Offord"|"St 591 No 243 11"|24.713|18.31
10584|"21-12-2022"|67457.42|"Xaviera Euston"|"St 591 No 940 52"|28.681|18.45
10351|"01-12-2022"|30031.043|"Cameron Melby"|"Av 955 No 591 89"|7.661|17.78
10674|"01-12-2022"|31657.84|"Efren Mobberley"|"St 594 No 741 60"|8.076|18.56
10375|"21-11-2022"|132405.61|"Judye Larmour"|"Av 417 No 594 81"|22.518|14.83
10681|"21-11-2022"|72976.555|"Adelaide Bracknell"|"St 594 No 172 44"|12.411|17.54
10449|"01-12-2022"|20109.549|"Goddart Plampeyn"|"Av 897 No 596 37"|5.13|19.65
10404|"11-12-2022"|91361.21|"Jermaine Albarez"|"Av 180 No 596 29"|26.636|18.41
10774|"01-12-2022"|91033.93|"Nikola Turfes"|"St 597 No 649 87"|23.223|22.71
10608|"31-12-2022"|36565.76|"Lind Moscone"|"St 598 No 902 70"|23.32|19.38
10223|"01-12-2022"|70230.54|"Maggee Hollebon"|"Av 112 No 598 91"|17.916|16.63
10536|"21-12-2022"|57974.203|"Torry Gatlin"|"Av 009 No 598 73"|24.649|17.78
10204|"21-12-2022"|13001.801|"Alta Linturn"|"Av 349 No 601 86"|5.528|22.94
10386|"31-12-2022"|24451.393|"Adey Kehir"|"Av 946 No 604 55"|15.594|15.08
10948|"21-12-2022"|59086.69|"Lorant Navan"|"St 604 No 648 52"|25.122|17.58
10881|"01-12-2022"|74240.69|"Benjamen Beake"|"St 605 No 473 93"|18.939|17.4
10853|"16-11-2022"|58147.527|"Eugenius Syres"|"St 606 No 437 54"|9.271|19.95
10296|"11-12-2022"|34690.918|"Gerhardine Dencs"|"Av 423 No 606 07"|10.114|15.12
10671|"21-12-2022"|50191.465|"Korey Vaudin"|"St 606 No 147 30"|21.34|17.85
10253|"21-11-2022"|48345.277|"Findley Kovacs"|"Av 090 No 608 50"|8.222|13.62
10409|"21-12-2022"|44631.363|"Maurits Mateev"|"Av 349 No 609 60"|18.976|16.75
10821|"16-11-2022"|76173.195|"Sabra Gomersal"|"St 611 No 080 88"|12.145|19.47
10763|"21-11-2022"|164698.52|"Rori Somerville"|"St 611 No 467 57"|28.01|19.44
10126|"01-12-2022"|79517.0|"Nicolina Thowless"|"Av 274 No 612 04"|20.285|16.17
10317|"31-12-2022"|32702.207|"Aluino Blakeley"|"Av 526 No 614 22"|20.856|19.42
10751|"16-11-2022"|96525.77|"Augusto Lago"|"St 614 No 464 20"|15.39|17.02
10341|"11-12-2022"|25724.926|"Elihu Faint"|"Av 066 No 615 30"|7.5|18.23
10528|"11-12-2022"|69707.69|"Husain Maruszewski"|"Av 157 No 615 43"|20.323|18.94
10819|"01-12-2022"|108619.0|"Kelcy Sailes"|"St 616 No 797 90"|27.709|20.01
10272|"21-12-2022"|69703.58|"Terrence Stickney"|"Av 412 No 616 23"|29.636|22.84
10686|"31-12-2022"|23976.287|"Andrea Lebel"|"St 616 No 390 52"|15.291|18.1
10840|"01-12-2022"|84330.74|"Jenni Revening"|"St 618 No 655 68"|21.513|17.15
10767|"21-12-2022"|15516.078|"Felice Bodman"|"St 618 No 450 07"|6.597|16.79
10942|"11-12-2022"|39475.754|"Francois Durgan"|"St 618 No 045 02"|11.509|20.09
10434|"11-12-2022"|44853.98|"Pate Cayzer"|"Av 594 No 620 22"|13.077|18.21
10875|"16-11-2022"|89244.0|"Mahmud Moncreiff"|"St 620 No 493 71"|14.229|17.89
10511|"01-12-2022"|99062.07|"Locke Abley"|"Av 010 No 623 95"|25.271|17.25
10712|"21-12-2022"|28971.812|"Sean Sibbert"|"St 623 No 275 27"|12.318|17.62
10058|"21-12-2022"|36693.395|"Rosmunda Pesterfield"|"Av 380 No 623 94"|15.601|16.45
10735|"01-12-2022"|93989.6|"Selle Lainton"|"St 625 No 497 14"|23.977|17.79
10955|"21-11-2022"|174441.66|"Clo Skellington"|"St 626 No 768 48"|29.667|16.76
10593|"31-12-2022"|30817.473|"Kaja Katt"|"St 626 No 330 76"|19.654|18.73
10437|"31-12-2022"|35243.938|"Flo Sandwich"|"Av 546 No 627 16"|22.477|17.63
10809|"21-11-2022"|79027.06|"Germain Olenichev"|"St 627 No 717 55"|13.44|16.98
10732|"21-11-2022"|164122.28|"Steven Byrd"|"St 627 No 810 56"|27.912|20.69
10754|"21-12-2022"|18846.496|"Elias Moukes"|"St 627 No 982 88"|8.013|19.75
10852|"21-12-2022"|55673.957|"Lib Drivers"|"St 631 No 700 37"|23.671|18.98
10259|"21-12-2022"|22536.768|"Ramonda Mitkcov"|"Av 023 No 632 77"|9.582|15.07
10982|"11-12-2022"|69021.69|"Demetra Bonafant"|"St 635 No 035 37"|20.123|19.23
10133|"31-12-2022"|8042.272|"Neils Price"|"Av 374 No 636 76"|5.129|13.87
10487|"31-12-2022"|9709.056|"Lee Kitchenside"|"Av 896 No 637 51"|6.192|16.99
10499|"21-12-2022"|67328.06|"Caritta Sevier"|"Av 625 No 638 28"|28.626|18.87
10976|"31-12-2022"|33740.223|"Beverly Mazzia"|"St 638 No 360 37"|21.518|18.36
10994|"31-12-2022"|44272.48|"Karil Delph"|"St 641 No 322 36"|28.235|18.02
10775|"11-12-2022"|61396.82|"Kearney MacAnespie"|"St 643 No 003 43"|17.9|20.38
10170|"01-12-2022"|33680.555|"Carmelle Meininking"|"Av 810 No 643 73"|8.592|16.37
10863|"01-12-2022"|32265.438|"Gertie Chasen"|"St 645 No 055 40"|8.231|16.4
10379|"16-11-2022"|84947.695|"Stormi Winterton"|"Av 177 No 645 75"|13.544|15.57
10021|"16-11-2022"|39268.867|"Ame Spir"|"St 647 No 272 41"|6.261|13.84
10496|"21-12-2022"|42347.58|"Curry Scedall"|"Av 658 No 647 02"|18.005|19.08
10489|"21-11-2022"|139643.88|"Roxy Hasney"|"Av 855 No 647 18"|23.749|18.63
10354|"01-12-2022"|95220.48|"Vittorio Erdis"|"Av 663 No 648 52"|24.291|21.83
10483|"21-12-2022"|67050.53|"Laurent Brach"|"Av 570 No 648 75"|28.508|17.88
10506|"16-11-2022"|50163.297|"Kylie Divis"|"Av 036 No 649 85"|7.998|15.5
10153|"11-12-2022"|59544.625|"Nev Denmead"|"Av 579 No 649 91"|17.36|17.86
10003|"16-11-2022"|161164.8|"Rebe Crone"|"St 650 No 773 74"|25.696|20.17
10677|"31-12-2022"|21928.48|"Reagan Pridgeon"|"St 650 No 520 06"|13.985|15.34
10316|"11-12-2022"|73027.914|"Jessamine Ewbanche"|"Av 842 No 652 43"|21.291|18.58
10482|"01-12-2022"|60281.605|"Michele Fooks"|"Av 031 No 653 19"|15.378|12.22
10247|"01-12-2022"|78011.72|"Mark Beardsley"|"Av 380 No 654 03"|19.901|15.97
10181|"21-11-2022"|110179.25|"Monroe Falloon"|"Av 455 No 655 22"|18.738|16.95
10034|"31-12-2022"|41006.336|"Lindsay Trevithick"|"St 656 No 763 43"|26.152|21.36
10654|"21-12-2022"|34981.15|"Easter Pude"|"St 657 No 927 47"|14.873|16.9
10480|"21-11-2022"|100136.23|"Corny Dixsee"|"Av 961 No 657 73"|17.03|16.09
10005|"21-11-2022"|34833.062|"Sibby Monteith"|"St 658 No 473 53"|5.924|15.43
10241|"11-12-2022"|46599.844|"Dolorita McSperron"|"Av 433 No 658 84"|13.586|15.54
10906|"11-12-2022"|33425.254|"Kimmie Laffranconi"|"St 659 No 049 88"|9.745|16.35
10065|"16-11-2022"|74354.32|"Miranda Stobie"|"Av 375 No 659 16"|11.855|16.37
10825|"16-11-2022"|50677.598|"Field Dwyer"|"St 659 No 459 62"|8.08|17.77
10498|"21-11-2022"|92445.2|"Jordain Konmann"|"Av 665 No 662 74"|15.722|14.68
10820|"16-11-2022"|66658.6|"Garth Mees"|"St 662 No 285 15"|10.628|16.91
10257|"31-12-2022"|10547.936|"Caterina Macvain"|"Av 188 No 662 42"|6.727|17.72
10876|"11-12-2022"|100234.6|"Tremayne Setford"|"St 664 No 225 05"|29.223|18.42
10149|"16-11-2022"|37456.266|"Conrad Staves"|"Av 568 No 665 33"|5.972|15.92
10805|"01-12-2022"|94683.44|"Merry Sones"|"St 667 No 139 12"|24.154|12.55
10053|"11-12-2022"|37609.84|"Beryl Wetton"|"Av 869 No 667 29"|10.965|16.66
10264|"31-12-2022"|9790.592|"Melba Curee"|"Av 815 No 668 96"|6.244|15.44
10980|"21-12-2022"|19182.83|"Livy Timmes"|"St 669 No 660 73"|8.156|15.84
10736|"01-12-2022"|27475.209|"Kinna Learmonth"|"St 670 No 829 48"|7.009|17.47
10962|"16-11-2022"|62399.93|"Jeddy Checklin"|"St 670 No 427 47"|9.949|15.63
10551|"31-12-2022"|32016.992|"Janaya Isaacson"|"St 670 No 272 47"|20.419|17.16
10106|"21-12-2022"|45807.355|"Elliott Mallen"|"Av 021 No 671 15"|19.476|19.48
10694|"01-12-2022"|108795.41|"Hilda Wane"|"St 671 No 378 81"|27.754|20.21
10530|"21-12-2022"|21673.588|"Perla Timmis"|"Av 051 No 672 81"|9.215|14.67
10559|"21-11-2022"|125573.07|"Phillipe Leyre"|"St 674 No 432 54"|21.356|16.11
10984|"16-11-2022"|42524.023|"Laraine McQuilliam"|"St 675 No 584 58"|6.78|12.61
10620|"21-11-2022"|167068.16|"Malena Armstead"|"St 677 No 530 08"|28.413|15.45
10393|"21-12-2022"|61791.48|"Karrie Leatt"|"Av 868 No 677 70"|26.272|16.46
10918|"01-12-2022"|111335.555|"Chiquia Acaster"|"St 678 No 537 14"|28.402|20.66
10448|"21-12-2022"|14246.004|"Glenine Roney"|"Av 337 No 678 45"|6.057|15.67
10417|"21-12-2022"|52461.137|"Doris Wardrope"|"Av 248 No 678 60"|22.305|19.33
10405|"16-11-2022"|183662.39|"Zorina Stringfellow"|"Av 105 No 679 13"|29.283|17.6
10932|"21-12-2022"|53138.51|"Lorenza Lenglet"|"St 679 No 750 75"|22.593|16.25
10576|"31-12-2022"|47007.07|"Elinore Gilder"|"St 680 No 728 79"|29.979|16.55
10073|"16-11-2022"|154792.47|"Ahmad Scrimshaw"|"Av 539 No 680 20"|24.68|19.93
10213|"31-12-2022"|9274.72|"Phaidra Everix"|"Av 011 No 681 60"|5.915|18.37
10907|"21-12-2022"|62828.707|"Adamo Pottie"|"St 681 No 718 68"|26.713|18.94
10373|"31-12-2022"|10494.624|"Ania Gammade"|"Av 979 No 682 54"|6.693|14.58
10631|"21-11-2022"|75722.51|"Ced Cleverly"|"St 682 No 751 66"|12.878|16.4
10029|"16-11-2022"|104641.71|"Dewey Ranson"|"St 682 No 654 23"|16.684|19.59
10975|"16-11-2022"|103926.71|"Moyra McGeechan"|"St 682 No 354 05"|16.57|16.36
10790|"16-11-2022"|187337.77|"Abe Euplate"|"St 682 No 331 90"|29.869|18.16
10744|"01-12-2022"|28059.29|"Heidie Volante"|"St 684 No 954 63"|7.158|16.66
10659|"16-11-2022"|75138.32|"Tamma Ardley"|"St 684 No 087 05"|11.98|16.95
10708|"21-12-2022"|20452.904|"Jacintha Isaksson"|"St 685 No 589 15"|8.696|14.3
10905|"21-12-2022"|64766.75|"Rebekkah Grabb"|"St 686 No 806 31"|27.537|16.16
10871|"11-12-2022"|75686.16|"Jen Cardenosa"|"St 689 No 004 58"|22.066|17.85
10776|"21-11-2022"|73394.04|"Darwin MacNeilage"|"St 691 No 966 21"|12.482|18.81
10042|"31-12-2022"|31487.008|"Hermann Andriesse"|"St 692 No 805 55"|20.081|14.96
10443|"21-11-2022"|51185.312|"Orly Kaes"|"Av 691 No 692 58"|8.705|15.75
10601|"21-11-2022"|175664.7|"Lynette Danslow"|"St 694 No 454 00"|29.875|18.24
10545|"21-11-2022"|85424.49|"Candi Brik"|"Av 079 No 694 97"|14.528|15.4
10625|"31-12-2022"|38099.266|"Fredrika Winfindale"|"St 694 No 028 38"|24.298|18.66
10024|"31-12-2022"|37178.848|"Tadeas Kliche"|"St 696 No 593 52"|23.711|16.18
10785|"31-12-2022"|33923.68|"Leanora Padden"|"St 698 No 635 98"|21.635|17.97
10897|"21-12-2022"|15431.406|"Ian Cufflin"|"St 698 No 226 73"|6.561|20.42
10481|"31-12-2022"|34815.87|"Rubin Baudinot"|"Av 875 No 700 02"|22.204|16.4
10233|"31-12-2022"|38420.703|"Kelby Conrard"|"Av 449 No 701 39"|24.503|15.86
10816|"01-12-2022"|43084.61|"Antonietta Riccetti"|"St 702 No 440 64"|10.991|15.6
10303|"21-12-2022"|66349.64|"Devora Lawranson"|"Av 133 No 702 00"|28.21|19.03
10669|"21-11-2022"|94814.836|"Bridgette Cottrell"|"St 703 No 505 23"|16.125|14.1
10041|"16-11-2022"|100245.055|"Maxy Lynn"|"St 705 No 487 91"|15.983|18.5
10738|"21-12-2022"|27174.893|"Phebe Dinsey"|"St 706 No 802 60"|11.554|17.41
10936|"16-11-2022"|152967.31|"Kittie Strover"|"St 708 No 481 91"|24.389|18.15
10889|"21-12-2022"|46226.01|"Toni Halfhyde"|"St 710 No 081 06"|19.654|16.17
10050|"01-12-2022"|79011.32|"Byram Grange"|"Av 780 No 711 95"|20.156|19.48
10155|"31-12-2022"|8340.192|"Vite Hamor"|"Av 957 No 711 36"|5.319|17.98
10822|"01-12-2022"|22802.582|"Garik Balf"|"St 712 No 070 54"|5.817|13.2
10553|"31-12-2022"|44112.543|"Hernando De Marchi"|"St 713 No 790 47"|28.133|19.78
10920|"16-11-2022"|120672.9|"Denna Terrett"|"St 713 No 950 54"|19.24|15.67
10040|"11-12-2022"|89996.08|"Lula Jorgesen"|"St 714 No 696 21"|26.238|18.28
10206|"11-12-2022"|20542.21|"Spense Penney"|"Av 104 No 714 21"|5.989|19.62
10859|"21-12-2022"|38530.3|"Decca Ovise"|"St 715 No 610 41"|16.382|16.23
10752|"11-12-2022"|72626.61|"Townsend Kidd"|"St 716 No 330 27"|21.174|19.19
10355|"11-12-2022"|50678.1|"Christiana Senior"|"Av 201 No 716 65"|14.775|19.09
10951|"11-12-2022"|18151.508|"Fernando Conklin"|"St 716 No 082 42"|5.292|18.11
10381|"21-12-2022"|13817.941|"Rici Andrzejewski"|"Av 670 No 717 87"|5.875|17.48
10018|"01-12-2022"|76337.88|"Roslyn Eleshenar"|"St 718 No 712 60"|19.474|20.48
10882|"21-12-2022"|60199.184|"Allyn Gershom"|"St 718 No 297 60"|25.595|19.0
10455|"21-12-2022"|25509.684|"Ebonee Bramelt"|"Av 433 No 719 45"|10.846|19.04
10380|"21-11-2022"|102482.34|"Thomasa Tew"|"Av 087 No 720 84"|17.429|19.04
10868|"21-11-2022"|70601.04|"Frants Merigot"|"St 721 No 154 90"|12.007|21.56
10846|"16-11-2022"|172523.36|"Kaila Cogdon"|"St 722 No 333 61"|27.507|14.58
10979|"21-11-2022"|70659.836|"Jamaal Werrit"|"St 723 No 195 16"|12.017|18.47
10325|"21-11-2022"|121357.12|"Lucy Trevithick"|"Av 595 No 723 76"|20.639|17.34
10326|"31-12-2022"|17211.936|"Hannah Moyes"|"Av 921 No 723 07"|10.977|17.13
10348|"21-11-2022"|49615.355|"Nannie Birdsey"|"Av 103 No 724 06"|8.438|20.35
10389|"21-11-2022"|171930.9|"Marcelia Kob"|"Av 528 No 725 95"|29.24|17.19
10987|"11-12-2022"|40549.34|"Obed Neubigin"|"St 726 No 524 74"|11.822|16.0
10066|"11-12-2022"|22778.564|"Theressa Gromley"|"Av 445 No 727 16"|6.641|13.09
10870|"31-12-2022"|44310.113|"Hanan Scheffel"|"St 727 No 878 77"|28.259|16.73
10173|"16-11-2022"|94023.25|"Genovera Bagnold"|"Av 186 No 731 08"|14.991|18.02
10115|"11-12-2022"|71343.79|"Paloma Ebdin"|"Av 991 No 733 08"|20.8|17.71
10616|"01-12-2022"|87227.62|"Travus de Chastelain"|"St 734 No 304 36"|22.252|17.82
10685|"31-12-2022"|36782.145|"Janean McGoogan"|"St 736 No 554 05"|23.458|17.91
10211|"11-12-2022"|57833.062|"Nona Firle"|"Av 111 No 738 80"|16.861|19.11
10609|"31-12-2022"|18058.656|"Duky Want"|"St 741 No 152 56"|11.517|18.88
10998|"31-12-2022"|15747.424|"Chicky Gorman"|"St 741 No 348 91"|10.043|20.91
10197|"01-12-2022"|28235.688|"Rafaelita Broadbridge"|"Av 881 No 743 80"|7.203|17.05
10026|"21-12-2022"|35703.207|"Quint Burdin"|"St 744 No 068 28"|15.18|17.34
10696|"31-12-2022"|15029.28|"Buck MacCallester"|"St 745 No 081 92"|9.585|14.81
10108|"21-11-2022"|136327.56|"Naomi Lines"|"Av 370 No 745 69"|23.185|15.96
10885|"16-11-2022"|39933.695|"Cinda Blakeslee"|"St 746 No 894 06"|6.367|16.34
10200|"21-11-2022"|142013.52|"Corbie Calan"|"Av 805 No 746 34"|24.152|17.72
10420|"21-11-2022"|51655.71|"Ofella Lipscomb"|"Av 738 No 746 89"|8.785|16.98
10095|"21-12-2022"|29223.477|"Meredith Semechik"|"Av 487 No 746 75"|12.425|14.41
10542|"21-12-2022"|54255.707|"Gabriella Warrell"|"Av 543 No 747 50"|23.068|16.89
10114|"01-12-2022"|28541.447|"Murielle Gair"|"Av 554 No 748 43"|7.281|14.58
10468|"31-12-2022"|41017.312|"Pauline Burrows"|"Av 983 No 750 96"|26.159|17.97
10436|"16-11-2022"|62186.684|"Lorena Duham"|"Av 419 No 750 47"|9.915|18.31
10797|"21-11-2022"|110396.81|"Manya Bayless"|"St 752 No 668 40"|18.775|17.05
10621|"21-11-2022"|89240.61|"Marley Raleston"|"St 753 No 176 43"|15.177|17.78
10977|"11-12-2022"|41266.21|"Olly Casarili"|"St 753 No 472 73"|12.031|16.28
10097|"16-11-2022"|160951.55|"Ardelis Stathers"|"Av 723 No 754 57"|25.662|14.78
10704|"31-12-2022"|31491.713|"Drusilla Kenewel"|"St 756 No 577 46"|20.084|18.58
10890|"16-11-2022"|61866.812|"Vern Antonazzi"|"St 756 No 169 46"|9.864|15.17
10586|"01-12-2022"|29576.324|"Luce Braams"|"St 758 No 708 46"|7.545|17.14
10319|"31-12-2022"|33754.336|"Stephani Foulkes"|"Av 725 No 764 85"|21.527|21.3
10470|"31-12-2022"|39803.68|"Kathryne Hansman"|"Av 376 No 764 19"|25.385|19.92
10342|"31-12-2022"|43364.61|"Flint Yakovlev"|"Av 920 No 765 71"|27.656|19.28
10311|"01-12-2022"|30207.443|"Nealy Gatcliff"|"Av 675 No 766 58"|7.706|19.56
10359|"11-12-2022"|57404.312|"Nicolette Fairburn"|"Av 157 No 766 95"|16.736|14.14
10101|"01-12-2022"|28200.408|"Gilberte Chastang"|"Av 024 No 767 89"|7.194|12.81
10690|"21-12-2022"|47517.254|"Ronny Robertet"|"St 767 No 049 52"|20.203|17.66
10636|"11-12-2022"|101088.664|"Eddie Classen"|"St 768 No 861 04"|29.472|17.51
10622|"31-12-2022"|29191.455|"Audrey Deakes"|"St 769 No 099 37"|18.617|18.94
10663|"01-12-2022"|116705.945|"Lazaro Titterton"|"St 769 No 651 10"|29.772|19.99
10561|"16-11-2022"|38447.24|"Lisetta Taphouse"|"St 770 No 998 73"|6.13|19.14
10817|"31-12-2022"|30546.207|"Dianemarie Trimby"|"St 770 No 088 09"|19.481|15.02
10547|"31-12-2022"|12029.696|"Vikky MacWilliam"|"St 771 No 012 93"|7.672|17.61
10554|"01-12-2022"|29548.885|"Eugine Gouny"|"St 772 No 793 32"|7.538|14.2
10469|"11-12-2022"|38319.848|"Suzi MacLleese"|"Av 070 No 772 28"|11.172|16.85
10235|"16-11-2022"|135054.55|"Esmeralda Giabucci"|"Av 383 No 773 46"|21.533|16.04
10563|"21-11-2022"|66837.84|"Claire Kieff"|"St 773 No 404 52"|11.367|16.73
10160|"31-12-2022"|36369.76|"Berrie Matteacci"|"Av 619 No 778 70"|23.195|19.75
10878|"01-12-2022"|89289.53|"Renate Hylands"|"St 778 No 040 40"|22.778|18.36
10400|"16-11-2022"|46287.21|"Gill Maxstead"|"Av 146 No 779 61"|7.38|16.2
10240|"01-12-2022"|50689.39|"Grange Climpson"|"Av 008 No 781 52"|12.931|16.03
10052|"31-12-2022"|45735.426|"Terrye Slay"|"Av 924 No 781 10"|29.168|16.59
10713|"21-12-2022"|36119.51|"Lyndsay Mabbe"|"St 783 No 466 77"|15.357|12.58
10249|"21-11-2022"|60211.098|"Marlyn Figgen"|"Av 741 No 783 23"|10.24|18.3
10508|"31-12-2022"|19774.049|"Flor Ouslem"|"Av 503 No 784 81"|12.611|18.76
10516|"21-12-2022"|20676.344|"Robbin Bessant"|"Av 297 No 785 59"|8.791|17.34
10166|"01-12-2022"|57220.094|"Coralyn Simonsen"|"Av 906 No 786 16"|14.597|13.27
10757|"11-12-2022"|77720.14|"Rees Tournay"|"St 786 No 018 29"|22.659|18.95
10010|"01-12-2022"|50309.152|"Dall Langelaan"|"St 789 No 355 23"|12.834|17.87
10212|"16-11-2022"|78763.52|"Wallie Littlefield"|"Av 742 No 790 46"|12.558|15.86
10626|"21-12-2022"|47331.445|"Rochette Barbier"|"St 790 No 363 18"|20.124|17.69
10183|"21-12-2022"|27835.8|"Devan Vaillant"|"Av 154 No 791 55"|11.835|17.45
10618|"11-12-2022"|89951.484|"Liz Grainger"|"St 796 No 409 75"|26.225|13.18
10668|"16-11-2022"|172027.88|"Sasha Voisey"|"St 797 No 441 18"|27.428|18.23
10113|"11-12-2022"|17420.92|"Elliot Fawdry"|"Av 657 No 797 52"|5.079|14.22
10368|"16-11-2022"|163015.03|"Abramo Kingsman"|"Av 024 No 798 27"|25.991|21.16
10068|"16-11-2022"|170823.64|"Orville Goolding"|"Av 788 No 799 83"|27.236|17.73
10773|"31-12-2022"|13455.008|"Saundra Bellis"|"St 803 No 114 68"|8.581|11.35
10278|"11-12-2022"|94050.33|"Kennie Barkshire"|"Av 302 No 803 13"|27.42|19.12
10463|"21-11-2022"|60757.938|"Amitie Aplin"|"Av 789 No 803 31"|10.333|16.42
10656|"21-11-2022"|91433.84|"Bordy Bullocke"|"St 804 No 603 30"|15.55|14.99
10535|"21-11-2022"|40277.93|"Mercie Gerasch"|"Av 016 No 804 04"|6.85|13.64
10493|"31-12-2022"|42945.953|"Fred Hackford"|"Av 733 No 805 91"|27.389|18.73
10996|"21-11-2022"|62874.734|"Michaelina Vahey"|"St 806 No 142 55"|10.693|17.67
10639|"21-12-2022"|37450.74|"Joseito MacKilroe"|"St 807 No 170 78"|15.923|17.71
10810|"21-11-2022"|61592.895|"Aloisia Deftie"|"St 807 No 645 24"|10.475|15.17
10590|"16-11-2022"|49423.203|"Frederick Keary"|"St 809 No 079 62"|7.88|18.03
10190|"21-12-2022"|45863.805|"Doll Jerrold"|"Av 113 No 809 84"|19.5|22.0
10256|"31-12-2022"|45454.754|"Janos Dudley"|"Av 324 No 809 20"|28.989|18.64
10441|"16-11-2022"|92856.664|"Ailbert Fahey"|"Av 645 No 809 30"|14.805|17.74
10748|"21-11-2022"|157483.77|"Herrick Garret"|"St 810 No 547 16"|26.783|17.85
10688|"11-12-2022"|100248.32|"Jemie Crickett"|"St 811 No 303 34"|29.227|19.86
10457|"31-12-2022"|15877.568|"Cloe Commings"|"Av 969 No 812 77"|10.126|15.74
10171|"31-12-2022"|19164.096|"Emelina Wardrop"|"Av 457 No 812 81"|12.222|17.18
10946|"21-11-2022"|97784.234|"Lianna Lexa"|"St 813 No 380 63"|16.63|19.52
10336|"11-12-2022"|19403.453|"Virginie Itscovitz"|"Av 375 No 814 59"|5.657|14.91
10451|"01-12-2022"|89716.81|"Tripp Shallcroff"|"Av 340 No 815 66"|22.887|15.84
10725|"21-11-2022"|155966.73|"Alyda Kadar"|"St 817 No 103 91"|26.525|21.49
10431|"16-11-2022"|159766.14|"Salomo Lepick"|"Av 107 No 817 88"|25.473|19.22
10313|"01-12-2022"|114644.03|"Ebony Beseke"|"Av 066 No 819 57"|29.246|17.81
10339|"21-11-2022"|67649.28|"Aurlie Steabler"|"Av 559 No 820 85"|11.505|17.78
10966|"21-12-2022"|14956.305|"Smith Marrington"|"St 820 No 127 72"|6.359|14.11
10239|"16-11-2022"|84307.95|"Nickolai Pudsey"|"Av 360 No 821 45"|13.442|17.94
10698|"11-12-2022"|33174.863|"Henrieta O'Shiels"|"St 822 No 532 15"|9.672|16.11
10600|"16-11-2022"|137626.06|"Babbette Gatherell"|"St 829 No 987 59"|21.943|15.37
10635|"16-11-2022"|170252.89|"Conn Conachie"|"St 830 No 995 35"|27.145|18.07
10719|"01-12-2022"|33586.473|"Cathlene Lindeman"|"St 831 No 077 35"|8.568|18.39
10228|"01-12-2022"|35922.79|"Arda Smorfit"|"Av 170 No 831 17"|9.164|12.92
10683|"21-11-2022"|101447.47|"Matilde Girardi"|"St 831 No 443 50"|17.253|19.23
10485|"16-11-2022"|176474.7|"Marie-ann Cathel"|"Av 947 No 831 52"|28.137|16.92
10967|"21-11-2022"|73799.76|"Rik McSwan"|"St 832 No 967 90"|12.551|18.71
10352|"21-11-2022"|165751.03|"Leroi Dinnies"|"Av 459 No 832 88"|28.189|15.33
10452|"21-11-2022"|124849.83|"Jonah Rackstraw"|"Av 324 No 832 59"|21.233|16.99
10645|"16-11-2022"|70095.65|"Saudra Westmacott"|"St 834 No 918 83"|11.176|13.15
10346|"16-11-2022"|45515.758|"Marne Drance"|"Av 490 No 836 12"|7.257|15.45
10428|"16-11-2022"|44687.86|"Alexandr Grut"|"Av 834 No 837 56"|7.125|17.54
10937|"11-12-2022"|40491.03|"Elora Theobald"|"St 840 No 343 61"|11.805|17.35
10804|"16-11-2022"|125828.46|"Binny Klamman"|"St 841 No 838 00"|20.062|18.38
10382|"21-11-2022"|131182.58|"Hesther Woolager"|"Av 892 No 841 25"|22.31|16.92
10507|"11-12-2022"|88600.07|"Corrianne Fulbrook"|"Av 498 No 843 04"|25.831|17.23
10444|"21-11-2022"|123297.51|"Delano Garlee"|"Av 041 No 844 64"|20.969|16.8
10756|"21-12-2022"|64957.26|"Merrill Kleanthous"|"St 846 No 854 97"|27.618|20.95
10883|"21-11-2022"|103652.46|"Gayle Lathleiffure"|"St 846 No 424 31"|17.628|18.61
10014|"31-12-2022"|38768.8|"Dusty Tomaschke"|"St 847 No 052 01"|24.725|19.07
10765|"21-11-2022"|66679.086|"Flossy Thewlis"|"St 848 No 809 21"|11.34|18.67
10503|"11-12-2022"|86874.79|"Bordy Fathers"|"Av 126 No 848 64"|25.328|15.91
10594|"31-12-2022"|34638.688|"Yank Ladbrooke"|"St 849 No 127 50"|22.091|16.16
10604|"16-11-2022"|32651.928|"Sibyl Bernardt"|"St 849 No 296 42"|5.206|14.97
10039|"16-11-2022"|80300.16|"Janeta Dracksford"|"St 849 No 472 61"|12.803|18.73
10314|"16-11-2022"|137331.28|"Leoine Clemenzo"|"Av 985 No 850 02"|21.896|16.55
10070|"21-11-2022"|38078.816|"Nissa Mullane"|"Av 711 No 850 85"|6.476|18.04
10779|"16-11-2022"|73156.375|"Nadean Gleader"|"St 852 No 116 66"|11.664|20.43
10094|"01-12-2022"|52657.227|"Larine Clerk"|"Av 387 No 855 99"|13.433|19.87
10950|"11-12-2022"|70544.6|"Margarete Papis"|"St 855 No 466 69"|20.567|15.8
10154|"11-12-2022"|89570.76|"Ingmar Scorah"|"Av 609 No 856 56"|26.114|18.14
10282|"11-12-2022"|55545.258|"Brodie Germain"|"Av 014 No 856 61"|16.194|19.44
10661|"21-11-2022"|120539.8|"Dilan Green"|"St 857 No 583 30"|20.5|18.49
10413|"21-11-2022"|99853.99|"Kayne Sandlin"|"Av 721 No 857 89"|16.982|17.74
10999|"16-11-2022"|137067.84|"Byran Nuttall"|"St 858 No 604 38"|21.854|18.57
10440|"21-12-2022"|45821.47|"Bryn Scad"|"Av 980 No 862 73"|19.482|16.15
10150|"21-12-2022"|51073.46|"Octavius Lambot"|"Av 900 No 863 36"|21.715|15.97
10412|"01-12-2022"|23484.66|"Vevay Mussilli"|"Av 424 No 864 77"|5.991|15.38
10558|"21-12-2022"|19973.1|"Rebeca Trevino"|"St 864 No 143 02"|8.492|14.58
10486|"16-11-2022"|179052.48|"Celestine Aspital"|"Av 944 No 865 69"|28.548|20.44
10180|"01-12-2022"|77854.92|"Chery Croneen"|"Av 623 No 866 92"|19.861|18.61
10056|"01-12-2022"|72210.13|"Tamarah Pichmann"|"Av 637 No 867 14"|18.421|19.76
10540|"31-12-2022"|11689.44|"Chas Leale"|"Av 851 No 867 60"|7.455|12.34
10714|"16-11-2022"|139551.56|"Alfi Vogele"|"St 869 No 436 21"|22.25|17.28
10102|"11-12-2022"|101637.46|"Ron Baldazzi"|"Av 873 No 871 61"|29.632|14.73
10841|"21-11-2022"|47351.56|"Rubin Fullun"|"St 872 No 328 06"|8.053|15.15
10367|"21-11-2022"|86882.734|"Ranna Lawrance"|"Av 247 No 873 02"|14.776|10.97
10768|"21-12-2022"|18891.184|"Saba Gorini"|"St 873 No 394 62"|8.032|19.32
10033|"11-12-2022"|78224.35|"Batholomew Philps"|"St 874 No 678 71"|22.806|16.86
10610|"16-11-2022"|59627.715|"Vale Marwick"|"St 875 No 857 82"|9.507|18.7
10120|"31-12-2022"|15327.2|"Karin Archbald"|"Av 256 No 876 15"|9.775|16.69
10589|"21-12-2022"|18568.96|"Kelsi Simenon"|"St 877 No 554 87"|7.895|12.77
10089|"31-12-2022"|18355.008|"Yank Primmer"|"Av 704 No 877 10"|11.706|15.39
10277|"01-12-2022"|107768.37|"Angus Darragh"|"Av 833 No 878 20"|27.492|18.27
10099|"11-12-2022"|34577.73|"Domenico McTurk"|"Av 598 No 878 82"|10.081|19.21
10074|"31-12-2022"|40777.406|"Gerry Van Halle"|"Av 743 No 882 69"|26.006|21.01
10728|"01-12-2022"|62551.28|"Ernest Spencock"|"St 882 No 699 23"|15.957|15.95
10578|"01-12-2022"|109014.92|"Ailene Blinde"|"St 882 No 673 50"|27.81|20.27
10078|"21-12-2022"|20699.863|"Evangelin Elmore"|"Av 171 No 882 49"|8.801|16.67
10974|"11-12-2022"|94146.37|"Shaine Athey"|"St 883 No 218 17"|27.448|21.04
10970|"01-12-2022"|21701.064|"Norman Shakspeare"|"St 883 No 263 20"|5.536|15.22
10043|"21-11-2022"|93591.805|"Madel Stuckow"|"St 884 No 916 64"|15.917|18.02
10973|"01-12-2022"|41975.254|"Rollin Hartright"|"St 884 No 879 80"|10.708|18.16
10541|"21-11-2022"|105933.9|"Neall Crossthwaite"|"Av 761 No 886 26"|18.016|17.91
10781|"21-11-2022"|42459.406|"Siusan Palliser"|"St 886 No 255 14"|7.221|17.62
10158|"01-12-2022"|105173.33|"Vincenty Cron"|"Av 908 No 888 79"|26.83|19.6
10146|"21-12-2022"|34696.555|"Thaddeus Marzele"|"Av 631 No 889 68"|14.752|20.7
10399|"21-12-2022"|40080.26|"Osgood Labbett"|"Av 946 No 889 75"|17.041|14.76
10299|"21-11-2022"|175029.66|"Mignonne Petrulis"|"Av 794 No 890 65"|29.767|19.77
10579|"31-12-2022"|8857.632|"Benito Abilowitz"|"St 890 No 700 51"|5.649|16.81
10255|"01-12-2022"|41657.734|"Sheela Kehoe"|"Av 086 No 890 24"|10.627|18.06
10572|"21-12-2022"|38161.04|"Muriel Hofton"|"St 891 No 053 60"|16.225|14.1
10678|"01-12-2022"|59666.168|"Brinna Nelthropp"|"St 891 No 508 19"|15.221|17.72
10478|"31-12-2022"|24357.312|"Cos Blankhorn"|"Av 558 No 893 90"|15.534|13.72
10983|"16-11-2022"|184992.05|"Randi Greeves"|"St 893 No 940 81"|29.495|15.85
10318|"21-12-2022"|44485.54|"Joann Broad"|"Av 650 No 894 49"|18.914|15.74
10607|"21-12-2022"|54523.832|"Edythe Risby"|"St 895 No 534 61"|23.182|18.49
10988|"21-12-2022"|61690.348|"Chan Yanyushkin"|"St 896 No 682 61"|26.229|18.34
10826|"16-11-2022"|67154.09|"Mario Oldham"|"St 896 No 057 76"|10.707|16.8
10858|"21-12-2022"|68873.32|"Tanney Castellini"|"St 901 No 204 29"|29.283|20.5
10684|"01-12-2022"|73903.57|"Gaston Gleader"|"St 901 No 265 65"|18.853|16.73
10406|"01-12-2022"|57549.375|"Gusella Elmhurst"|"Av 621 No 903 63"|14.681|19.83
10901|"16-11-2022"|130476.0|"Alyssa Gaffon"|"St 904 No 206 38"|20.803|17.17
10802|"11-12-2022"|26994.021|"Arlan Mechell"|"St 905 No 837 99"|7.87|15.89
10577|"16-11-2022"|186114.73|"Douglass Rafter"|"St 906 No 429 28"|29.674|18.38
10599|"16-11-2022"|53048.406|"Avery Menel"|"St 907 No 873 91"|8.458|15.03
10151|"21-11-2022"|106192.62|"Herve Dominico"|"Av 897 No 907 40"|18.06|20.3
10025|"16-11-2022"|53706.965|"April Roake"|"St 908 No 363 62"|8.563|13.44
10122|"31-12-2022"|35764.51|"Clayson Gaskall"|"Av 790 No 909 41"|22.809|17.56
10293|"11-12-2022"|44583.01|"Stephan Ottley"|"Av 391 No 910 04"|12.998|17.98
10855|"16-11-2022"|182069.31|"Drusie Whall"|"St 911 No 757 56"|29.029|18.14
10261|"31-12-2022"|34202.785|"Liz Crisall"|"Av 682 No 912 75"|21.813|16.5
10421|"21-12-2022"|47519.605|"Laverna Overstone"|"Av 157 No 913 29"|20.204|16.51
10721|"21-12-2022"|27511.227|"Tiffani Morde"|"St 913 No 160 75"|11.697|17.44
10011|"16-11-2022"|144794.94|"Drud Spavon"|"St 913 No 167 17"|23.086|19.76
10203|"16-11-2022"|49636.45|"Milka Bowyer"|"Av 927 No 913 50"|7.914|16.98
10758|"16-11-2022"|85311.47|"Germain Eyckelberg"|"St 914 No 662 20"|13.602|18.32
10460|"11-12-2022"|27052.332|"Braden Upstell"|"Av 581 No 916 35"|7.887|16.75
10365|"11-12-2022"|51604.2|"Janaye Copnar"|"Av 240 No 916 46"|15.045|20.27
10830|"31-12-2022"|23703.455|"Fanechka Eleshenar"|"St 919 No 777 51"|15.117|16.82
10419|"01-12-2022"|104471.66|"Missy Muino"|"Av 997 No 919 13"|26.651|15.4
10051|"11-12-2022"|48503.49|"Nester Julyan"|"Av 949 No 920 69"|14.141|16.49
10361|"16-11-2022"|72171.67|"Genevieve Reasun"|"Av 346 No 920 54"|11.507|17.13
10703|"21-11-2022"|104052.305|"Lari Darbon"|"St 921 No 727 67"|17.696|16.09
10925|"16-11-2022"|122592.12|"Selestina Ramsier"|"St 922 No 314 05"|19.546|16.58
10873|"31-12-2022"|27709.695|"Peria Ranken"|"St 923 No 716 19"|17.672|18.29
10307|"31-12-2022"|39353.664|"Karita Jordin"|"Av 785 No 923 19"|25.098|16.81
10403|"11-12-2022"|65128.65|"Darren Spreull"|"Av 616 No 924 85"|18.988|18.15
10812|"21-12-2022"|16085.26|"Rayna Dilrew"|"St 926 No 216 72"|6.839|19.26
10759|"16-11-2022"|82150.39|"Hussein Goldthorp"|"St 928 No 396 30"|13.098|16.1
10515|"16-11-2022"|53136.215|"Chere Densun"|"Av 375 No 928 68"|8.472|15.23
10322|"01-12-2022"|70348.14|"Alaster Gothard"|"Av 988 No 929 50"|17.946|18.68
10374|"31-12-2022"|19833.633|"Kleon Eiler"|"Av 277 No 930 00"|12.649|16.96
10898|"21-12-2022"|44713.684|"Breanne Cowing"|"St 931 No 801 40"|19.011|14.59
10682|"11-12-2022"|20360.42|"Celesta Spurdens"|"St 933 No 272 92"|5.936|14.02
10009|"11-12-2022"|78488.46|"Desi Parkes"|"St 936 No 430 70"|22.883|16.43
10796|"01-12-2022"|101951.1|"Hansiain Lupton"|"St 937 No 849 19"|26.008|15.81
10546|"11-12-2022"|37308.0|"Ariana Vossing"|"St 938 No 550 14"|10.877|19.1
10691|"21-12-2022"|47733.637|"Nikolaos Swatridge"|"St 939 No 739 62"|20.295|19.94
10467|"21-11-2022"|123138.75|"Junia Crosetti"|"Av 157 No 940 47"|20.942|18.96
10717|"11-12-2022"|76166.36|"Cecily Fanti"|"St 941 No 450 86"|22.206|17.14
10062|"01-12-2022"|91245.61|"Shelly Philipart"|"Av 417 No 943 95"|23.277|19.75
10556|"11-12-2022"|42775.406|"Matelda Handy"|"St 944 No 798 32"|12.471|17.09
10349|"21-12-2022"|13251.111|"Robina Kelshaw"|"Av 017 No 945 60"|5.634|17.85
10596|"01-12-2022"|75859.65|"Lou Carsberg"|"St 946 No 345 96"|19.352|19.14
10356|"16-11-2022"|86779.12|"Robert Chstney"|"Av 316 No 946 17"|13.836|15.91
10401|"16-11-2022"|71945.88|"Dore Ravenscraft"|"Av 178 No 946 07"|11.471|19.25
10331|"11-12-2022"|31343.248|"Elden Tieman"|"Av 783 No 951 11"|9.138|17.87
10027|"31-12-2022"|39046.336|"Dunstan Haygreen"|"St 951 No 908 97"|24.902|18.45
10446|"11-12-2022"|65159.52|"Ros Elves"|"Av 027 No 953 15"|18.997|17.29
10786|"31-12-2022"|24042.145|"Ashton Herety"|"St 953 No 388 55"|15.333|14.09
10281|"11-12-2022"|90270.48|"Ali Claiton"|"Av 900 No 953 39"|26.318|21.1
10844|"21-12-2022"|62012.566|"Berky Mallabon"|"St 956 No 271 30"|26.366|16.17
10362|"11-12-2022"|33277.76|"Dory Indgs"|"Av 270 No 957 94"|9.702|16.77
10726|"16-11-2022"|158053.89|"Pamella Craigmile"|"St 958 No 914 01"|25.2|15.21
10017|"21-11-2022"|128242.58|"Laney Nutt"|"St 959 No 344 02"|21.81|15.73
10943|"21-12-2022"|52150.676|"Aloisia Willgress"|"St 959 No 428 53"|22.173|15.5
10300|"11-12-2022"|49419.297|"Tull Knagges"|"Av 476 No 960 18"|14.408|12.41
10766|"21-12-2022"|33212.45|"Page O'Lagene"|"St 960 No 148 93"|14.121|19.83
10606|"21-11-2022"|102211.87|"Westbrook Tomblings"|"St 961 No 875 76"|17.383|16.63
10251|"21-12-2022"|64270.48|"Maurene Cohr"|"Av 752 No 962 09"|27.326|16.69
10941|"31-12-2022"|36192.574|"Anabel Hixley"|"St 963 No 176 23"|23.082|16.56
10866|"21-12-2022"|28449.672|"Sholom Ivermee"|"St 963 No 398 11"|12.096|17.54
10913|"21-11-2022"|157530.81|"Cordey Lowery"|"St 963 No 531 02"|26.791|16.78
10279|"21-12-2022"|53564.22|"Lynn Plaskitt"|"Av 860 No 969 21"|22.774|19.47
10305|"16-11-2022"|156812.05|"Murielle Beswick"|"Av 633 No 970 82"|25.002|16.3
10644|"16-11-2022"|112594.586|"Winnifred Feldmann"|"St 970 No 325 18"|17.952|18.25
10426|"21-12-2022"|61001.21|"Jabez Wadly"|"Av 283 No 971 78"|25.936|16.63
10539|"21-11-2022"|120281.08|"Susanetta Flack"|"Av 492 No 971 55"|20.456|13.71
10385|"31-12-2022"|32929.566|"Randie Kedwell"|"Av 588 No 972 71"|21.001|16.88
10687|"11-12-2022"|49944.086|"Christan Davion"|"St 973 No 830 99"|14.561|15.56
10892|"21-12-2022"|27073.758|"Heriberto Dwine"|"St 973 No 876 84"|11.511|16.36
10867|"01-12-2022"|19674.43|"Evvy Kitchenman"|"St 973 No 980 43"|5.019|13.34
10711|"11-12-2022"|35716.484|"Sloan Horsell"|"St 974 No 742 43"|10.413|18.79
10637|"21-11-2022"|35738.58|"Lilli Bowsher"|"St 977 No 254 24"|6.078|15.33
10792|"11-12-2022"|24277.469|"Kikelia Klein"|"St 977 No 598 64"|7.078|13.12
10244|"21-12-2022"|53568.926|"Ethelyn Miguet"|"Av 918 No 977 92"|22.776|18.36
10195|"21-12-2022"|65978.02|"Brendon Gann"|"Av 162 No 979 80"|28.052|15.47
10567|"31-12-2022"|24278.912|"Torre Steptoe"|"St 979 No 418 99"|15.484|21.08
10157|"31-12-2022"|13657.28|"Therese Hebditch"|"Av 850 No 979 30"|8.71|17.45
10416|"31-12-2022"|36537.535|"Angy Cordobes"|"Av 925 No 980 15"|23.302|22.26
10321|"21-12-2022"|63033.332|"Parry Whitton"|"Av 901 No 980 17"|26.8|17.55
10689|"16-11-2022"|58574.02|"Charis Proby"|"St 980 No 826 02"|9.339|14.87
10229|"31-12-2022"|38356.414|"Denyse McCardle"|"Av 387 No 980 11"|24.462|18.86
10337|"11-12-2022"|86840.484|"Heidi Duns"|"Av 510 No 982 71"|25.318|18.55
10891|"21-12-2022"|33626.402|"Godfree Gladbeck"|"St 983 No 593 45"|14.297|19.94
10433|"31-12-2022"|33849.984|"Alexis Raitie"|"Av 648 No 984 24"|21.588|17.97
10387|"21-11-2022"|140437.69|"Erinn Coster"|"Av 928 No 986 27"|23.884|16.89
10700|"16-11-2022"|146293.94|"Annabela Ledley"|"St 986 No 006 22"|23.325|17.51
10395|"31-12-2022"|22925.729|"Der Matys"|"Av 002 No 986 34"|14.621|18.25
10371|"16-11-2022"|123821.43|"Ruddy Vaskov"|"Av 130 No 987 99"|19.742|18.17
10333|"31-12-2022"|15222.144|"Fulvia Mattioli"|"Av 666 No 987 61"|9.708|18.47
10057|"21-12-2022"|21139.686|"Papagena De Normanville"|"Av 986 No 987 79"|8.988|20.16
10978|"21-11-2022"|153279.58|"Esther Maudlen"|"St 989 No 413 01"|26.068|19.4
10162|"16-11-2022"|151142.17|"Elianore Sparkwell"|"Av 704 No 990 10"|24.098|18.1
10715|"01-12-2022"|21814.744|"Dominica Bramhall"|"St 990 No 703 45"|5.565|15.37
10262|"31-12-2022"|29158.527|"Cristi Treversh"|"Av 172 No 990 21"|18.596|17.45
10415|"31-12-2022"|42491.23|"Codee Jiru"|"Av 265 No 993 61"|27.099|17.33
10104|"21-11-2022"|52531.832|"Noelyn Fierman"|"Av 391 No 994 40"|8.934|16.74
10989|"16-11-2022"|76210.83|"Jordan Topp"|"St 994 No 192 48"|12.151|16.02
10934|"21-11-2022"|162793.4|"Burnaby Shevels"|"St 995 No 250 67"|27.686|16.48
10860|"21-12-2022"|54199.258|"Abagail Mainwaring"|"St 996 No 749 39"|23.044|18.37
10904|"16-11-2022"|74473.49|"Khalil Kinchlea"|"St 996 No 548 58"|11.874|20.12
10847|"01-12-2022"|69544.54|"Cammie Urwen"|"St 996 No 424 59"|17.741|16.84
10958|"16-11-2022"|185079.86|"Quinton Jell"|"St 997 No 865 94"|29.509|18.58
